{"optim_horizon": 3, "fcr_commit": 15, "time_mesh": 15, "announced_capacity": {"up": [300000.0, 300000.0, 300000.0, 300000.0, 300000.0, 300000.0, 300000.0, 300000.0, 300000.0, 300000.0, 300000.0, 300000.0, 300000.0, 300000.0, 300000.0, 300000.0, 300000.0, 300000.0, 300000.0, 300000.0, 300000.0, 300000.0, 300000.0, 300000.0, 300000.0, 300000.0, 300000.0, 300000.0, 300000.0, 300000.0, 300000.0, 300000.0, 300000.0, 300000.0, 300000.0, 300000.0, 300000.0, 300000.0, 300000.0, 300000.0, 300000.0, 300000.0, 300000.0, 300000.0, 300000.0, 300000.0, 300000.0, 300000.0, 300000.0, 300000.0, 300000.0, 300000.0, 300000.0, 300000.0, 300000.0, 300000.0, 300000.0, 300000.0, 300000.0, 300000.0, 300000.0, 300000.0, 300000.0, 300000.0, 300000.0, 300000.0, 300000.0, 300000.0, 300000.0, 300000.0, 300000.0, 300000.0, 300000.0, 300000.0, 300000.0, 300000.0, 300000.0, 300000.0, 300000.0, 300000.0, 300000.0, 300000.0, 300000.0, 300000.0, 300000.0, 300000.0, 300000.0, 300000.0, 300000.0, 300000.0, 300000.0, 300000.0, 300000.0, 300000.0, 300000.0, 300000.0], "down": [0.0, 0.0, 0.0, 0.0, 0.0, 0.0, 0.0, 0.0, 0.0, 0.0, 0.0, 0.0, 0.0, 0.0, 0.0, 0.0, 0.0, 0.0, 0.0, 0.0, 0.0, 0.0, 0.0, 0.0, 0.0, 0.0, 0.0, 0.0, 0.0, 0.0, 0.0, 0.0, 0.0, 0.0, 0.0, 0.0, 0.0, 0.0, 0.0, 0.0, 0.0, 0.0, 0.0, 0.0, 0.0, 0.0, 0.0, 0.0, 0.0, 0.0, 0.0, 0.0, 0.0, 0.0, 0.0, 0.0, 0.0, 0.0, 0.0, 0.0, 0.0, 0.0, 0.0, 0.0, 0.0, 0.0, 0.0, 0.0, 0.0, 0.0, 0.0, 0.0, 0.0, 0.0, 0.0, 0.0, 0.0, 0.0, 0.0, 0.0, 0.0, 0.0, 0.0, 0.0, 0.0, 0.0, 0.0, 0.0, 0.0, 0.0, 0.0, 0.0, 0.0, 0.0, 0.0, 0.0]}, "evses": [{"charging_horizon": 3, "p_charge_max": 15000, "p_charge_min": 1000, "p_discharge_max": 15000, "p_discharge_min": 1000, "conversion_rate": 1, "capacity": 30000, "SOC_max": 1.0, "SOC_init": 0.3391950872874807, "SOC_min": 0.0, "SOC_final": 0.5453569921247723, "id": "EV_0"}, {"charging_horizon": 3, "p_charge_max": 15000, "p_charge_min": 1000, "p_discharge_max": 15000, "p_discharge_min": 1000, "conversion_rate": 1, "capacity": 30000, "SOC_max": 1.0, "SOC_init": 0.3355931998206156, "SOC_min": 0.0, "SOC_final": 0.49348017347919987, "id": "EV_1"}, {"charging_horizon": 3, "p_charge_max": 15000, "p_charge_min": 1000, "p_discharge_max": 15000, "p_discharge_min": 1000, "conversion_rate": 1, "capacity": 30000, "SOC_max": 1.0, "SOC_init": 0.2827190094326849, "SOC_min": 0.0, "SOC_final": 0.46896849831134513, "id": "EV_2"}, {"charging_horizon": 3, "p_charge_max": 15000, "p_charge_min": 1000, "p_discharge_max": 15000, "p_discharge_min": 1000, "conversion_rate": 1, "capacity": 30000, "SOC_max": 1.0, "SOC_init": 0.2530167582279361, "SOC_min": 0.0, "SOC_final": 0.5129813902050634, "id": "EV_3"}, {"charging_horizon": 3, "p_charge_max": 15000, "p_charge_min": 1000, "p_discharge_max": 15000, "p_discharge_min": 1000, "conversion_rate": 1, "capacity": 30000, "SOC_max": 1.0, "SOC_init": 0.28076040354688964, "SOC_min": 0.0, "SOC_final": 0.5349954319698544, "id": "EV_4"}, {"charging_horizon": 3, "p_charge_max": 15000, "p_charge_min": 1000, "p_discharge_max": 15000, "p_discharge_min": 1000, "conversion_rate": 1, "capacity": 30000, "SOC_max": 1.0, "SOC_init": 0.2928037828259007, "SOC_min": 0.0, "SOC_final": 0.5435049932978867, "id": "EV_5"}, {"charging_horizon": 3, "p_charge_max": 15000, "p_charge_min": 1000, "p_discharge_max": 15000, "p_discharge_min": 1000, "conversion_rate": 1, "capacity": 30000, "SOC_max": 1.0, "SOC_init": 0.25551037737975013, "SOC_min": 0.0, "SOC_final": 0.5172058069281167, "id": "EV_6"}, {"charging_horizon": 3, "p_charge_max": 15000, "p_charge_min": 1000, "p_discharge_max": 15000, "p_discharge_min": 1000, "conversion_rate": 1, "capacity": 30000, "SOC_max": 1.0, "SOC_init": 0.30160059387327975, "SOC_min": 0.0, "SOC_final": 0.5156581539671081, "id": "EV_7"}, {"charging_horizon": 3, "p_charge_max": 15000, "p_charge_min": 1000, "p_discharge_max": 15000, "p_discharge_min": 1000, "conversion_rate": 1, "capacity": 30000, "SOC_max": 1.0, "SOC_init": 0.3380617420531599, "SOC_min": 0.0, "SOC_final": 0.5246354926624418, "id": "EV_8"}, {"charging_horizon": 3, "p_charge_max": 15000, "p_charge_min": 1000, "p_discharge_max": 15000, "p_discharge_min": 1000, "conversion_rate": 1, "capacity": 30000, "SOC_max": 1.0, "SOC_init": 0.2885079665022098, "SOC_min": 0.0, "SOC_final": 0.5488228316138171, "id": "EV_9"}], "cost_of_electricity": [0.1, 0.1, 0.1, 0.1, 0.1, 0.1, 0.1, 0.1, 0.1, 0.1, 0.1, 0.1, 0.1, 0.1, 0.1, 0.1, 0.1, 0.1, 0.1, 0.1, 0.1, 0.1, 0.1, 0.1, 0.1, 0.1, 0.1, 0.1, 0.1, 0.1, 0.1, 0.1, 0.1, 0.1, 0.1, 0.1, 0.1, 0.1, 0.1, 0.1, 0.1, 0.1, 0.1, 0.1, 0.1, 0.1, 0.1, 0.1, 0.1, 0.1, 0.1, 0.1, 0.1, 0.1, 0.1, 0.1, 0.1, 0.1, 0.1, 0.1, 0.1, 0.1, 0.1, 0.1, 0.1, 0.1, 0.1, 0.1, 0.1, 0.1, 0.1, 0.1, 0.1, 0.1, 0.1, 0.1, 0.1, 0.1, 0.1, 0.1, 0.1, 0.1, 0.1, 0.1, 0.1, 0.1, 0.1, 0.1, 0.1, 0.1, 0.1, 0.1, 0.1, 0.1, 0.1, 0.1], "penalties": {"fcr_up": 0.01, "fcr_down": 0, "SOC_fin": 10000, "beta_min": 10000, "beta_max": 10000}}