{"optim_horizon": 3, "fcr_commit": 15, "time_mesh": 15, "announced_capacity": {"up": [90000.0, 90000.0, 90000.0, 90000.0, 90000.0, 90000.0, 90000.0, 90000.0, 90000.0, 90000.0, 90000.0, 90000.0, 90000.0, 90000.0, 90000.0, 90000.0, 90000.0, 90000.0, 90000.0, 90000.0, 90000.0, 90000.0, 90000.0, 90000.0, 90000.0, 90000.0, 90000.0, 90000.0, 90000.0, 90000.0, 90000.0, 90000.0, 90000.0, 90000.0, 90000.0, 90000.0, 90000.0, 90000.0, 90000.0, 90000.0, 90000.0, 90000.0, 90000.0, 90000.0, 90000.0, 90000.0, 90000.0, 90000.0, 90000.0, 90000.0, 90000.0, 90000.0, 90000.0, 90000.0, 90000.0, 90000.0, 90000.0, 90000.0, 90000.0, 90000.0, 90000.0, 90000.0, 90000.0, 90000.0, 90000.0, 90000.0, 90000.0, 90000.0, 90000.0, 90000.0, 90000.0, 90000.0, 90000.0, 90000.0, 90000.0, 90000.0, 90000.0, 90000.0, 90000.0, 90000.0, 90000.0, 90000.0, 90000.0, 90000.0, 90000.0, 90000.0, 90000.0, 90000.0, 90000.0, 90000.0, 90000.0, 90000.0, 90000.0, 90000.0, 90000.0, 90000.0], "down": [0.0, 0.0, 0.0, 0.0, 0.0, 0.0, 0.0, 0.0, 0.0, 0.0, 0.0, 0.0, 0.0, 0.0, 0.0, 0.0, 0.0, 0.0, 0.0, 0.0, 0.0, 0.0, 0.0, 0.0, 0.0, 0.0, 0.0, 0.0, 0.0, 0.0, 0.0, 0.0, 0.0, 0.0, 0.0, 0.0, 0.0, 0.0, 0.0, 0.0, 0.0, 0.0, 0.0, 0.0, 0.0, 0.0, 0.0, 0.0, 0.0, 0.0, 0.0, 0.0, 0.0, 0.0, 0.0, 0.0, 0.0, 0.0, 0.0, 0.0, 0.0, 0.0, 0.0, 0.0, 0.0, 0.0, 0.0, 0.0, 0.0, 0.0, 0.0, 0.0, 0.0, 0.0, 0.0, 0.0, 0.0, 0.0, 0.0, 0.0, 0.0, 0.0, 0.0, 0.0, 0.0, 0.0, 0.0, 0.0, 0.0, 0.0, 0.0, 0.0, 0.0, 0.0, 0.0, 0.0]}, "evses": [{"charging_horizon": 3, "p_charge_max": 15000, "p_charge_min": 1000, "p_discharge_max": 15000, "p_discharge_min": 1000, "conversion_rate": 1, "capacity": 30000, "SOC_max": 1.0, "SOC_init": 0.28313175910967103, "SOC_min": 0.0, "SOC_final": 0.5220555575134226, "id": "EV_0"}, {"charging_horizon": 3, "p_charge_max": 15000, "p_charge_min": 1000, "p_discharge_max": 15000, "p_discharge_min": 1000, "conversion_rate": 1, "capacity": 30000, "SOC_max": 1.0, "SOC_init": 0.33402607323914485, "SOC_min": 0.0, "SOC_final": 0.5215005793148089, "id": "EV_1"}, {"charging_horizon": 3, "p_charge_max": 15000, "p_charge_min": 1000, "p_discharge_max": 15000, "p_discharge_min": 1000, "conversion_rate": 1, "capacity": 30000, "SOC_max": 1.0, "SOC_init": 0.2651662601290239, "SOC_min": 0.0, "SOC_final": 0.5261096540224962, "id": "EV_2"}], "cost_of_electricity": [0.1, 0.1, 0.1, 0.1, 0.1, 0.1, 0.1, 0.1, 0.1, 0.1, 0.1, 0.1, 0.1, 0.1, 0.1, 0.1, 0.1, 0.1, 0.1, 0.1, 0.1, 0.1, 0.1, 0.1, 0.1, 0.1, 0.1, 0.1, 0.1, 0.1, 0.1, 0.1, 0.1, 0.1, 0.1, 0.1, 0.1, 0.1, 0.1, 0.1, 0.1, 0.1, 0.1, 0.1, 0.1, 0.1, 0.1, 0.1, 0.1, 0.1, 0.1, 0.1, 0.1, 0.1, 0.1, 0.1, 0.1, 0.1, 0.1, 0.1, 0.1, 0.1, 0.1, 0.1, 0.1, 0.1, 0.1, 0.1, 0.1, 0.1, 0.1, 0.1, 0.1, 0.1, 0.1, 0.1, 0.1, 0.1, 0.1, 0.1, 0.1, 0.1, 0.1, 0.1, 0.1, 0.1, 0.1, 0.1, 0.1, 0.1, 0.1, 0.1, 0.1, 0.1, 0.1, 0.1], "penalties": {"fcr_up": 0.01, "fcr_down": 0, "SOC_fin": 10000, "beta_min": 10000, "beta_max": 10000}}