{"optim_horizon": 3, "fcr_commit": 15, "time_mesh": 15, "announced_capacity": {"up": [150000.0, 150000.0, 150000.0, 150000.0, 150000.0, 150000.0, 150000.0, 150000.0, 150000.0, 150000.0, 150000.0, 150000.0, 150000.0, 150000.0, 150000.0, 150000.0, 150000.0, 150000.0, 150000.0, 150000.0, 150000.0, 150000.0, 150000.0, 150000.0, 150000.0, 150000.0, 150000.0, 150000.0, 150000.0, 150000.0, 150000.0, 150000.0, 150000.0, 150000.0, 150000.0, 150000.0, 150000.0, 150000.0, 150000.0, 150000.0, 150000.0, 150000.0, 150000.0, 150000.0, 150000.0, 150000.0, 150000.0, 150000.0, 150000.0, 150000.0, 150000.0, 150000.0, 150000.0, 150000.0, 150000.0, 150000.0, 150000.0, 150000.0, 150000.0, 150000.0, 150000.0, 150000.0, 150000.0, 150000.0, 150000.0, 150000.0, 150000.0, 150000.0, 150000.0, 150000.0, 150000.0, 150000.0, 150000.0, 150000.0, 150000.0, 150000.0, 150000.0, 150000.0, 150000.0, 150000.0, 150000.0, 150000.0, 150000.0, 150000.0, 150000.0, 150000.0, 150000.0, 150000.0, 150000.0, 150000.0, 150000.0, 150000.0, 150000.0, 150000.0, 150000.0, 150000.0], "down": [0.0, 0.0, 0.0, 0.0, 0.0, 0.0, 0.0, 0.0, 0.0, 0.0, 0.0, 0.0, 0.0, 0.0, 0.0, 0.0, 0.0, 0.0, 0.0, 0.0, 0.0, 0.0, 0.0, 0.0, 0.0, 0.0, 0.0, 0.0, 0.0, 0.0, 0.0, 0.0, 0.0, 0.0, 0.0, 0.0, 0.0, 0.0, 0.0, 0.0, 0.0, 0.0, 0.0, 0.0, 0.0, 0.0, 0.0, 0.0, 0.0, 0.0, 0.0, 0.0, 0.0, 0.0, 0.0, 0.0, 0.0, 0.0, 0.0, 0.0, 0.0, 0.0, 0.0, 0.0, 0.0, 0.0, 0.0, 0.0, 0.0, 0.0, 0.0, 0.0, 0.0, 0.0, 0.0, 0.0, 0.0, 0.0, 0.0, 0.0, 0.0, 0.0, 0.0, 0.0, 0.0, 0.0, 0.0, 0.0, 0.0, 0.0, 0.0, 0.0, 0.0, 0.0, 0.0, 0.0]}, "evses": [{"charging_horizon": 3, "p_charge_max": 15000, "p_charge_min": 1000, "p_discharge_max": 15000, "p_discharge_min": 1000, "conversion_rate": 1, "capacity": 30000, "SOC_max": 1.0, "SOC_init": 0.2590646948767643, "SOC_min": 0.0, "SOC_final": 0.4536276030098027, "id": "EV_0"}, {"charging_horizon": 3, "p_charge_max": 15000, "p_charge_min": 1000, "p_discharge_max": 15000, "p_discharge_min": 1000, "conversion_rate": 1, "capacity": 30000, "SOC_max": 1.0, "SOC_init": 0.29526617856530785, "SOC_min": 0.0, "SOC_final": 0.5098223613140183, "id": "EV_1"}, {"charging_horizon": 3, "p_charge_max": 15000, "p_charge_min": 1000, "p_discharge_max": 15000, "p_discharge_min": 1000, "conversion_rate": 1, "capacity": 30000, "SOC_max": 1.0, "SOC_init": 0.2926849029005011, "SOC_min": 0.0, "SOC_final": 0.5195084598541078, "id": "EV_2"}, {"charging_horizon": 3, "p_charge_max": 15000, "p_charge_min": 1000, "p_discharge_max": 15000, "p_discharge_min": 1000, "conversion_rate": 1, "capacity": 30000, "SOC_max": 1.0, "SOC_init": 0.30207573044563685, "SOC_min": 0.0, "SOC_final": 0.5437446358868752, "id": "EV_3"}, {"charging_horizon": 3, "p_charge_max": 15000, "p_charge_min": 1000, "p_discharge_max": 15000, "p_discharge_min": 1000, "conversion_rate": 1, "capacity": 30000, "SOC_max": 1.0, "SOC_init": 0.29988316364323075, "SOC_min": 0.0, "SOC_final": 0.5073702076676362, "id": "EV_4"}], "cost_of_electricity": [0.1, 0.1, 0.1, 0.1, 0.1, 0.1, 0.1, 0.1, 0.1, 0.1, 0.1, 0.1, 0.1, 0.1, 0.1, 0.1, 0.1, 0.1, 0.1, 0.1, 0.1, 0.1, 0.1, 0.1, 0.1, 0.1, 0.1, 0.1, 0.1, 0.1, 0.1, 0.1, 0.1, 0.1, 0.1, 0.1, 0.1, 0.1, 0.1, 0.1, 0.1, 0.1, 0.1, 0.1, 0.1, 0.1, 0.1, 0.1, 0.1, 0.1, 0.1, 0.1, 0.1, 0.1, 0.1, 0.1, 0.1, 0.1, 0.1, 0.1, 0.1, 0.1, 0.1, 0.1, 0.1, 0.1, 0.1, 0.1, 0.1, 0.1, 0.1, 0.1, 0.1, 0.1, 0.1, 0.1, 0.1, 0.1, 0.1, 0.1, 0.1, 0.1, 0.1, 0.1, 0.1, 0.1, 0.1, 0.1, 0.1, 0.1, 0.1, 0.1, 0.1, 0.1, 0.1, 0.1], "penalties": {"fcr_up": 0.01, "fcr_down": 0, "SOC_fin": 10000, "beta_min": 10000, "beta_max": 10000}}