{
   "fcr_down": [
      0,
      15000.0,
      15000.0,
      13722.674860702573,
      15000.0,
      15000.0,
      0,
      15000.0,
      15000.0,
      14000.0
   ],
   "fcr_up": [
      0,
      0,
      0,
      0,
      0,
      0,
      0,
      0,
      0,
      0
   ],
   "p_charge_baseline": [
      0,
      0,
      0,
      1277.325139297427,
      0,
      0,
      15000.0,
      0,
      0,
      1000.0
   ],
   "p_charge_fcr_down": [
      0,
      15000.0,
      15000.0,
      15000.0,
      15000.0,
      15000.0,
      15000.0,
      15000.0,
      15000.0,
      15000.0
   ],
   "p_charge_fcr_up": [
      0,
      0,
      0,
      1277.325139297427,
      0,
      0,
      15000.0,
      0,
      0,
      1000.0
   ],
   "p_discharge_baseline": [
      0,
      0,
      0,
      0,
      0,
      0,
      0,
      0,
      0,
      0
   ],
   "p_discharge_fcr_down": [
      0,
      0,
      0,
      0,
      0,
      0,
      0,
      0,
      0,
      0
   ],
   "p_discharge_fcr_up": [
      0,
      0,
      0,
      0,
      0,
      0,
      0,
      0,
      0,
      0
   ],
   "soc_baseline": [
      0.3167025452248587,
      0.3167025452248587,
      0.3167025452248587,
      0.32734692138567056,
      0.32734692138567056,
      0.32734692138567056,
      0.45234692138567056,
      0.45234692138567056,
      0.45234692138567056,
      0.4606802547190039
   ],
   "soc_fcr_down": [
      0.3167025452248587,
      0.4417025452248587,
      0.4417025452248587,
      0.4417025452248587,
      0.45234692138567056,
      0.45234692138567056,
      0.45234692138567056,
      0.5773469213856706,
      0.5773469213856706,
      0.5773469213856706
   ],
   "soc_fcr_up": [
      0.3167025452248587,
      0.3167025452248587,
      0.3167025452248587,
      0.32734692138567056,
      0.32734692138567056,
      0.32734692138567056,
      0.45234692138567056,
      0.45234692138567056,
      0.45234692138567056,
      0.4606802547190039
   ]
}