{
   "fcr_down": [
      0,
      0,
      0,
      0,
      0,
      0,
      0,
      0,
      14148.231148929975,
      0
   ],
   "fcr_up": [
      0,
      30000.0,
      30000.0,
      0,
      0,
      0,
      0,
      0,
      0,
      30000.0
   ],
   "p_charge_baseline": [
      0,
      15000.0,
      15000.0,
      0,
      0,
      0,
      0,
      0,
      0,
      15000.0
   ],
   "p_charge_fcr_down": [
      0,
      15000.0,
      15000.0,
      0,
      0,
      0,
      0,
      0,
      0,
      15000.0
   ],
   "p_charge_fcr_up": [
      0,
      0,
      0,
      0,
      0,
      0,
      0,
      0,
      0,
      0
   ],
   "p_discharge_baseline": [
      0,
      0,
      0,
      0,
      0,
      0,
      0,
      0,
      14148.231148929975,
      0
   ],
   "p_discharge_fcr_down": [
      0,
      0,
      0,
      0,
      0,
      0,
      0,
      0,
      0,
      0
   ],
   "p_discharge_fcr_up": [
      0,
      15000.0,
      15000.0,
      0,
      0,
      0,
      0,
      0,
      14148.231148929975,
      15000.0
   ],
   "soc_baseline": [
      0.3446135233941658,
      0.4696135233941658,
      0.594613523394166,
      0.594613523394166,
      0.594613523394166,
      0.594613523394166,
      0.594613523394166,
      0.594613523394166,
      0.47671159715308276,
      0.6017115971530828
   ],
   "soc_fcr_down": [
      0.3446135233941658,
      0.4696135233941658,
      0.5946135233941658,
      0.594613523394166,
      0.594613523394166,
      0.594613523394166,
      0.594613523394166,
      0.594613523394166,
      0.594613523394166,
      0.6017115971530828
   ],
   "soc_fcr_up": [
      0.3446135233941658,
      0.2196135233941658,
      0.3446135233941658,
      0.594613523394166,
      0.594613523394166,
      0.594613523394166,
      0.594613523394166,
      0.594613523394166,
      0.4767115971530828,
      0.35171159715308276
   ]
}