{"optim_horizon": 10, "fcr_commit": 15, "time_mesh": 15, "announced_capacity": {"up": [1000000.0, 1000000.0, 1000000.0, 1000000.0, 1000000.0, 1000000.0, 1000000.0, 1000000.0, 1000000.0, 1000000.0, 1000000.0, 1000000.0, 1000000.0, 1000000.0, 1000000.0, 1000000.0, 1000000.0, 1000000.0, 1000000.0, 1000000.0, 1000000.0, 1000000.0, 1000000.0, 1000000.0, 1000000.0, 1000000.0, 1000000.0, 1000000.0, 1000000.0, 1000000.0, 1000000.0, 1000000.0, 1000000.0, 1000000.0, 1000000.0, 1000000.0, 1000000.0, 1000000.0, 1000000.0, 1000000.0, 1000000.0, 1000000.0, 1000000.0, 1000000.0, 1000000.0, 1000000.0, 1000000.0, 1000000.0, 1000000.0, 1000000.0, 1000000.0, 1000000.0, 1000000.0, 1000000.0, 1000000.0, 1000000.0, 1000000.0, 1000000.0, 1000000.0, 1000000.0, 1000000.0, 1000000.0, 1000000.0, 1000000.0, 1000000.0, 1000000.0, 1000000.0, 1000000.0, 1000000.0, 1000000.0, 1000000.0, 1000000.0, 1000000.0, 1000000.0, 1000000.0, 1000000.0, 1000000.0, 1000000.0, 1000000.0, 1000000.0, 1000000.0, 1000000.0, 1000000.0, 1000000.0, 1000000.0, 1000000.0, 1000000.0, 1000000.0, 1000000.0, 1000000.0, 1000000.0, 1000000.0, 1000000.0, 1000000.0, 1000000.0, 1000000.0], "down": [0.0, 0.0, 0.0, 0.0, 0.0, 0.0, 0.0, 0.0, 0.0, 0.0, 0.0, 0.0, 0.0, 0.0, 0.0, 0.0, 0.0, 0.0, 0.0, 0.0, 0.0, 0.0, 0.0, 0.0, 0.0, 0.0, 0.0, 0.0, 0.0, 0.0, 0.0, 0.0, 0.0, 0.0, 0.0, 0.0, 0.0, 0.0, 0.0, 0.0, 0.0, 0.0, 0.0, 0.0, 0.0, 0.0, 0.0, 0.0, 0.0, 0.0, 0.0, 0.0, 0.0, 0.0, 0.0, 0.0, 0.0, 0.0, 0.0, 0.0, 0.0, 0.0, 0.0, 0.0, 0.0, 0.0, 0.0, 0.0, 0.0, 0.0, 0.0, 0.0, 0.0, 0.0, 0.0, 0.0, 0.0, 0.0, 0.0, 0.0, 0.0, 0.0, 0.0, 0.0, 0.0, 0.0, 0.0, 0.0, 0.0, 0.0, 0.0, 0.0, 0.0, 0.0, 0.0, 0.0]}, "evses": [{"charging_horizon": 10, "p_charge_max": 15000, "p_charge_min": 1000, "p_discharge_max": 15000, "p_discharge_min": 1000, "conversion_rate": 1, "capacity": 30000, "SOC_max": 1.0, "SOC_init": 0.3338824474051766, "SOC_min": 0.0, "SOC_final": 0.5032619979418518, "id": "EV_0"}, {"charging_horizon": 10, "p_charge_max": 15000, "p_charge_min": 1000, "p_discharge_max": 15000, "p_discharge_min": 1000, "conversion_rate": 1, "capacity": 30000, "SOC_max": 1.0, "SOC_init": 0.31982991990117293, "SOC_min": 0.0, "SOC_final": 0.4627391690925521, "id": "EV_1"}, {"charging_horizon": 10, "p_charge_max": 15000, "p_charge_min": 1000, "p_discharge_max": 15000, "p_discharge_min": 1000, "conversion_rate": 1, "capacity": 30000, "SOC_max": 1.0, "SOC_init": 0.2515468300916922, "SOC_min": 0.0, "SOC_final": 0.5014503521784075, "id": "EV_2"}, {"charging_horizon": 10, "p_charge_max": 15000, "p_charge_min": 1000, "p_discharge_max": 15000, "p_discharge_min": 1000, "conversion_rate": 1, "capacity": 30000, "SOC_max": 1.0, "SOC_init": 0.278303484557306, "SOC_min": 0.0, "SOC_final": 0.535114663765218, "id": "EV_3"}, {"charging_horizon": 10, "p_charge_max": 15000, "p_charge_min": 1000, "p_discharge_max": 15000, "p_discharge_min": 1000, "conversion_rate": 1, "capacity": 30000, "SOC_max": 1.0, "SOC_init": 0.3078096340980961, "SOC_min": 0.0, "SOC_final": 0.5245813791218067, "id": "EV_4"}, {"charging_horizon": 10, "p_charge_max": 15000, "p_charge_min": 1000, "p_discharge_max": 15000, "p_discharge_min": 1000, "conversion_rate": 1, "capacity": 30000, "SOC_max": 1.0, "SOC_init": 0.3419238555656582, "SOC_min": 0.0, "SOC_final": 0.5271282347398398, "id": "EV_5"}, {"charging_horizon": 10, "p_charge_max": 15000, "p_charge_min": 1000, "p_discharge_max": 15000, "p_discharge_min": 1000, "conversion_rate": 1, "capacity": 30000, "SOC_max": 1.0, "SOC_init": 0.28710543106055186, "SOC_min": 0.0, "SOC_final": 0.5069153268564395, "id": "EV_6"}, {"charging_horizon": 10, "p_charge_max": 15000, "p_charge_min": 1000, "p_discharge_max": 15000, "p_discharge_min": 1000, "conversion_rate": 1, "capacity": 30000, "SOC_max": 1.0, "SOC_init": 0.31742299484642933, "SOC_min": 0.0, "SOC_final": 0.5209893674415472, "id": "EV_7"}, {"charging_horizon": 10, "p_charge_max": 15000, "p_charge_min": 1000, "p_discharge_max": 15000, "p_discharge_min": 1000, "conversion_rate": 1, "capacity": 30000, "SOC_max": 1.0, "SOC_init": 0.33386565533362417, "SOC_min": 0.0, "SOC_final": 0.5122678220012993, "id": "EV_8"}, {"charging_horizon": 10, "p_charge_max": 15000, "p_charge_min": 1000, "p_discharge_max": 15000, "p_discharge_min": 1000, "conversion_rate": 1, "capacity": 30000, "SOC_max": 1.0, "SOC_init": 0.33673340605076085, "SOC_min": 0.0, "SOC_final": 0.48004225722497185, "id": "EV_9"}, {"charging_horizon": 10, "p_charge_max": 15000, "p_charge_min": 1000, "p_discharge_max": 15000, "p_discharge_min": 1000, "conversion_rate": 1, "capacity": 30000, "SOC_max": 1.0, "SOC_init": 0.2876039551916306, "SOC_min": 0.0, "SOC_final": 0.5017254637682768, "id": "EV_10"}, {"charging_horizon": 10, "p_charge_max": 15000, "p_charge_min": 1000, "p_discharge_max": 15000, "p_discharge_min": 1000, "conversion_rate": 1, "capacity": 30000, "SOC_max": 1.0, "SOC_init": 0.34276624306011205, "SOC_min": 0.0, "SOC_final": 0.451852240344917, "id": "EV_11"}, {"charging_horizon": 10, "p_charge_max": 15000, "p_charge_min": 1000, "p_discharge_max": 15000, "p_discharge_min": 1000, "conversion_rate": 1, "capacity": 30000, "SOC_max": 1.0, "SOC_init": 0.3191405022860825, "SOC_min": 0.0, "SOC_final": 0.49251049408211595, "id": "EV_12"}, {"charging_horizon": 10, "p_charge_max": 15000, "p_charge_min": 1000, "p_discharge_max": 15000, "p_discharge_min": 1000, "conversion_rate": 1, "capacity": 30000, "SOC_max": 1.0, "SOC_init": 0.3225657203816185, "SOC_min": 0.0, "SOC_final": 0.5124182352589216, "id": "EV_13"}, {"charging_horizon": 10, "p_charge_max": 15000, "p_charge_min": 1000, "p_discharge_max": 15000, "p_discharge_min": 1000, "conversion_rate": 1, "capacity": 30000, "SOC_max": 1.0, "SOC_init": 0.2788208482438195, "SOC_min": 0.0, "SOC_final": 0.5375873422319523, "id": "EV_14"}, {"charging_horizon": 10, "p_charge_max": 15000, "p_charge_min": 1000, "p_discharge_max": 15000, "p_discharge_min": 1000, "conversion_rate": 1, "capacity": 30000, "SOC_max": 1.0, "SOC_init": 0.26393697801146815, "SOC_min": 0.0, "SOC_final": 0.5226434625455638, "id": "EV_15"}, {"charging_horizon": 10, "p_charge_max": 15000, "p_charge_min": 1000, "p_discharge_max": 15000, "p_discharge_min": 1000, "conversion_rate": 1, "capacity": 30000, "SOC_max": 1.0, "SOC_init": 0.3276554289720688, "SOC_min": 0.0, "SOC_final": 0.5403862936861465, "id": "EV_16"}, {"charging_horizon": 10, "p_charge_max": 15000, "p_charge_min": 1000, "p_discharge_max": 15000, "p_discharge_min": 1000, "conversion_rate": 1, "capacity": 30000, "SOC_max": 1.0, "SOC_init": 0.2840389954955548, "SOC_min": 0.0, "SOC_final": 0.5046190371075432, "id": "EV_17"}, {"charging_horizon": 10, "p_charge_max": 15000, "p_charge_min": 1000, "p_discharge_max": 15000, "p_discharge_min": 1000, "conversion_rate": 1, "capacity": 30000, "SOC_max": 1.0, "SOC_init": 0.26430975634637577, "SOC_min": 0.0, "SOC_final": 0.5294662062127203, "id": "EV_18"}, {"charging_horizon": 10, "p_charge_max": 15000, "p_charge_min": 1000, "p_discharge_max": 15000, "p_discharge_min": 1000, "conversion_rate": 1, "capacity": 30000, "SOC_max": 1.0, "SOC_init": 0.29232078572300674, "SOC_min": 0.0, "SOC_final": 0.4508589832835402, "id": "EV_19"}, {"charging_horizon": 10, "p_charge_max": 15000, "p_charge_min": 1000, "p_discharge_max": 15000, "p_discharge_min": 1000, "conversion_rate": 1, "capacity": 30000, "SOC_max": 1.0, "SOC_init": 0.266101491939842, "SOC_min": 0.0, "SOC_final": 0.5167403720620459, "id": "EV_20"}, {"charging_horizon": 10, "p_charge_max": 15000, "p_charge_min": 1000, "p_discharge_max": 15000, "p_discharge_min": 1000, "conversion_rate": 1, "capacity": 30000, "SOC_max": 1.0, "SOC_init": 0.3256570032167946, "SOC_min": 0.0, "SOC_final": 0.5144108209100939, "id": "EV_21"}, {"charging_horizon": 10, "p_charge_max": 15000, "p_charge_min": 1000, "p_discharge_max": 15000, "p_discharge_min": 1000, "conversion_rate": 1, "capacity": 30000, "SOC_max": 1.0, "SOC_init": 0.31463543070225325, "SOC_min": 0.0, "SOC_final": 0.479393628116711, "id": "EV_22"}, {"charging_horizon": 10,