{"optim_horizon": 3, "fcr_commit": 15, "time_mesh": 15, "announced_capacity": {"up": [90000.0, 90000.0, 90000.0, 90000.0, 90000.0, 90000.0, 90000.0, 90000.0, 90000.0, 90000.0, 90000.0, 90000.0, 90000.0, 90000.0, 90000.0, 90000.0, 90000.0, 90000.0, 90000.0, 90000.0, 90000.0, 90000.0, 90000.0, 90000.0, 90000.0, 90000.0, 90000.0, 90000.0, 90000.0, 90000.0, 90000.0, 90000.0, 90000.0, 90000.0, 90000.0, 90000.0, 90000.0, 90000.0, 90000.0, 90000.0, 90000.0, 90000.0, 90000.0, 90000.0, 90000.0, 90000.0, 90000.0, 90000.0, 90000.0, 90000.0, 90000.0, 90000.0, 90000.0, 90000.0, 90000.0, 90000.0, 90000.0, 90000.0, 90000.0, 90000.0, 90000.0, 90000.0, 90000.0, 90000.0, 90000.0, 90000.0, 90000.0, 90000.0, 90000.0, 90000.0, 90000.0, 90000.0, 90000.0, 90000.0, 90000.0, 90000.0, 90000.0, 90000.0, 90000.0, 90000.0, 90000.0, 90000.0, 90000.0, 90000.0, 90000.0, 90000.0, 90000.0, 90000.0, 90000.0, 90000.0, 90000.0, 90000.0, 90000.0, 90000.0, 90000.0, 90000.0], "down": [0.0, 0.0, 0.0, 0.0, 0.0, 0.0, 0.0, 0.0, 0.0, 0.0, 0.0, 0.0, 0.0, 0.0, 0.0, 0.0, 0.0, 0.0, 0.0, 0.0, 0.0, 0.0, 0.0, 0.0, 0.0, 0.0, 0.0, 0.0, 0.0, 0.0, 0.0, 0.0, 0.0, 0.0, 0.0, 0.0, 0.0, 0.0, 0.0, 0.0, 0.0, 0.0, 0.0, 0.0, 0.0, 0.0, 0.0, 0.0, 0.0, 0.0, 0.0, 0.0, 0.0, 0.0, 0.0, 0.0, 0.0, 0.0, 0.0, 0.0, 0.0, 0.0, 0.0, 0.0, 0.0, 0.0, 0.0, 0.0, 0.0, 0.0, 0.0, 0.0, 0.0, 0.0, 0.0, 0.0, 0.0, 0.0, 0.0, 0.0, 0.0, 0.0, 0.0, 0.0, 0.0, 0.0, 0.0, 0.0, 0.0, 0.0, 0.0, 0.0, 0.0, 0.0, 0.0, 0.0]}, "evses": [{"charging_horizon": 3, "p_charge_max": 15000, "p_charge_min": 1000, "p_discharge_max": 15000, "p_discharge_min": 1000, "conversion_rate": 1, "capacity": 30000, "SOC_max": 1.0, "SOC_init": 0.32873248546280565, "SOC_min": 0.0, "SOC_final": 0.48081545807550485, "id": "EV_0"}, {"charging_horizon": 3, "p_charge_max": 15000, "p_charge_min": 1000, "p_discharge_max": 15000, "p_discharge_min": 1000, "conversion_rate": 1, "capacity": 30000, "SOC_max": 1.0, "SOC_init": 0.3266836841802379, "SOC_min": 0.0, "SOC_final": 0.5261792917647633, "id": "EV_1"}, {"charging_horizon": 3, "p_charge_max": 15000, "p_charge_min": 1000, "p_discharge_max": 15000, "p_discharge_min": 1000, "conversion_rate": 1, "capacity": 30000, "SOC_max": 1.0, "SOC_init": 0.33535831718762366, "SOC_min": 0.0, "SOC_final": 0.5164746497999777, "id": "EV_2"}], "cost_of_electricity": [1, 1, 1, 1, 1, 1, 1, 1, 1, 1, 1, 1, 1, 1, 1, 1, 1, 1, 1, 1, 1, 1, 1, 1, 1, 1, 1, 1, 1, 1, 1, 1, 1, 1, 1, 1, 1, 1, 1, 1, 1, 1, 1, 1, 1, 1, 1, 1, 1, 1, 1, 1, 1, 1, 1, 1, 1, 1, 1, 1, 1, 1, 1, 1, 1, 1, 1, 1, 1, 1, 1, 1, 1, 1, 1, 1, 1, 1, 1, 1, 1, 1, 1, 1, 1, 1, 1, 1, 1, 1, 1, 1, 1, 1, 1, 1], "penalties": {"fcr_up": 0, "fcr_down": 0, "SOC_fin": 0, "beta_min": 0, "beta_max": 0}}