{"optim_horizon": 10, "fcr_commit": 15, "time_mesh": 15, "announced_capacity": {"up": [1000000, 1000000, 1000000, 1000000, 1000000, 1000000, 1000000, 1000000, 1000000, 1000000, 1000000, 1000000, 1000000, 1000000, 1000000, 1000000, 1000000, 1000000, 1000000, 1000000, 1000000, 1000000, 1000000, 1000000, 1000000, 1000000, 1000000, 1000000, 1000000, 1000000, 1000000, 1000000, 1000000, 1000000, 1000000, 1000000, 1000000, 1000000, 1000000, 1000000, 1000000, 1000000, 1000000, 1000000, 1000000, 1000000, 1000000, 1000000, 1000000, 1000000, 1000000, 1000000, 1000000, 1000000, 1000000, 1000000, 1000000, 1000000, 1000000, 1000000, 1000000, 1000000, 1000000, 1000000, 1000000, 1000000, 1000000, 1000000, 1000000, 1000000, 1000000, 1000000, 1000000, 1000000, 1000000, 1000000, 1000000, 1000000, 1000000, 1000000, 1000000, 1000000, 1000000, 1000000, 1000000, 1000000, 1000000, 1000000, 1000000, 1000000, 1000000, 1000000, 1000000, 1000000, 1000000, 1000000], "down": [0.0, 0.0, 0.0, 0.0, 0.0, 0.0, 0.0, 0.0, 0.0, 0.0, 0.0, 0.0, 0.0, 0.0, 0.0, 0.0, 0.0, 0.0, 0.0, 0.0, 0.0, 0.0, 0.0, 0.0, 0.0, 0.0, 0.0, 0.0, 0.0, 0.0, 0.0, 0.0, 0.0, 0.0, 0.0, 0.0, 0.0, 0.0, 0.0, 0.0, 0.0, 0.0, 0.0, 0.0, 0.0, 0.0, 0.0, 0.0, 0.0, 0.0, 0.0, 0.0, 0.0, 0.0, 0.0, 0.0, 0.0, 0.0, 0.0, 0.0, 0.0, 0.0, 0.0, 0.0, 0.0, 0.0, 0.0, 0.0, 0.0, 0.0, 0.0, 0.0, 0.0, 0.0, 0.0, 0.0, 0.0, 0.0, 0.0, 0.0, 0.0, 0.0, 0.0, 0.0, 0.0, 0.0, 0.0, 0.0, 0.0, 0.0, 0.0, 0.0, 0.0, 0.0, 0.0, 0.0]}, "evses": [{"charging_horizon": 10, "p_charge_max": 15000, "p_charge_min": 0, "p_discharge_max": 15000, "p_discharge_min": 0, "conversion_rate": 1, "capacity": 30000, "SOC_max": 1.0, "SOC_init": 0.3089781069081928, "SOC_min": 0.0, "SOC_final": 0.517838750183535, "id": "EV_0"}, {"charging_horizon": 10, "p_charge_max": 15000, "p_charge_min": 0, "p_discharge_max": 15000, "p_discharge_min": 0, "conversion_rate": 1, "capacity": 30000, "SOC_max": 1.0, "SOC_init": 0.2649670979450824, "SOC_min": 0.0, "SOC_final": 0.48703520743706447, "id": "EV_1"}, {"charging_horizon": 10, "p_charge_max": 15000, "p_charge_min": 0, "p_discharge_max": 15000, "p_discharge_min": 0, "conversion_rate": 1, "capacity": 30000, "SOC_max": 1.0, "SOC_init": 0.28889753930865536, "SOC_min": 0.0, "SOC_final": 0.5445219945365798, "id": "EV_2"}, {"charging_horizon": 10, "p_charge_max": 15000, "p_charge_min": 0, "p_discharge_max": 15000, "p_discharge_min": 0, "conversion_rate": 1, "capacity": 30000, "SOC_max": 1.0, "SOC_init": 0.2960362292950423, "SOC_min": 0.0, "SOC_final": 0.5039956085295677, "id": "EV_3"}, {"charging_horizon": 10, "p_charge_max": 15000, "p_charge_min": 0, "p_discharge_max": 15000, "p_discharge_min": 0, "conversion_rate": 1, "capacity": 30000, "SOC_max": 1.0, "SOC_init": 0.2998181734785385, "SOC_min": 0.0, "SOC_final": 0.49118876170481973, "id": "EV_4"}, {"charging_horizon": 10, "p_charge_max": 15000, "p_charge_min": 0, "p_discharge_max": 15000, "p_discharge_min": 0, "conversion_rate": 1, "capacity": 30000, "SOC_max": 1.0, "SOC_init": 0.2849468632561432, "SOC_min": 0.0, "SOC_final": 0.5426102446579796, "id": "EV_5"}, {"charging_horizon": 10, "p_charge_max": 15000, "p_charge_min": 0, "p_discharge_max": 15000, "p_discharge_min": 0, "conversion_rate": 1, "capacity": 30000, "SOC_max": 1.0, "SOC_init": 0.25607774952344625, "SOC_min": 0.0, "SOC_final": 0.4976060475935097, "id": "EV_6"}, {"charging_horizon": 10, "p_charge_max": 15000, "p_charge_min": 0, "p_discharge_max": 15000, "p_discharge_min": 0, "conversion_rate": 1, "capacity": 30000, "SOC_max": 1.0, "SOC_init": 0.2796137521907836, "SOC_min": 0.0, "SOC_final": 0.507062613409344, "id": "EV_7"}, {"charging_horizon": 10, "p_charge_max": 15000, "p_charge_min": 0, "p_discharge_max": 15000, "p_discharge_min": 0, "conversion_rate": 1, "capacity": 30000, "SOC_max": 1.0, "SOC_init": 0.29807436912377044, "SOC_min": 0.0, "SOC_final": 0.4772264920108851, "id": "EV_8"}, {"charging_horizon": 10, "p_charge_max": 15000, "p_charge_min": 0, "p_discharge_max": 15000, "p_discharge_min": 0, "conversion_rate": 1, "capacity": 30000, "SOC_max": 1.0, "SOC_init": 0.28361704326049436, "SOC_min": 0.0, "SOC_final": 0.509610357129713, "id": "EV_9"}, {"charging_horizon": 10, "p_charge_max": 15000, "p_charge_min": 0, "p_discharge_max": 15000, "p_discharge_min": 0, "conversion_rate": 1, "capacity": 30000, "SOC_max": 1.0, "SOC_init": 0.31576773193645113, "SOC_min": 0.0, "SOC_final": 0.49242797659109605, "id": "EV_10"}, {"charging_horizon": 10, "p_charge_max": 15000, "p_charge_min": 0, "p_discharge_max": 15000, "p_discharge_min": 0, "conversion_rate": 1, "capacity": 30000, "SOC_max": 1.0, "SOC_init": 0.3042265018599739, "SOC_min": 0.0, "SOC_final": 0.4752903488041645, "id": "EV_11"}, {"charging_horizon": 10, "p_charge_max": 15000, "p_charge_min": 0, "p_discharge_max": 15000, "p_discharge_min": 0, "conversion_rate": 1, "capacity": 30000, "SOC_max": 1.0, "SOC_init": 0.25927392674765637, "SOC_min": 0.0, "SOC_final": 0.5383521541548538, "id": "EV_12"}, {"charging_horizon": 10, "p_charge_max": 15000, "p_charge_min": 0, "p_discharge_max": 15000, "p_discharge_min": 0, "conversion_rate": 1, "capacity": 30000, "SOC_max": 1.0, "SOC_init": 0.3028714537675488, "SOC_min": 0.0, "SOC_final": 0.5131405297463217, "id": "EV_13"}, {"charging_horizon": 10, "p_charge_max": 15000, "p_charge_min": 0, "p_discharge_max": 15000, "p_discharge_min": 0, "conversion_rate": 1, "capacity": 30000, "SOC_max": 1.0, "SOC_init": 0.2570511046390297, "SOC_min": 0.0, "SOC_final": 0.5032796909675956, "id": "EV_14"}, {"charging_horizon": 10, "p_charge_max": 15000, "p_charge_min": 0, "p_discharge_max": 15000, "p_discharge_min": 0, "conversion_rate": 1, "capacity": 30000, "SOC_max": 1.0, "SOC_init": 0.3233092964413791, "SOC_min": 0.0, "SOC_final": 0.4914633268628056, "id": "EV_15"}, {"charging_horizon": 10, "p_charge_max": 15000, "p_charge_min": 0, "p_discharge_max": 15000, "p_discharge_min": 0, "conversion_rate": 1, "capacity": 30000, "SOC_max": 1.0, "SOC_init": 0.275269270012662, "SOC_min": 0.0, "SOC_final": 0.47088567443149887, "id": "EV_16"}, {"charging_horizon": 10, "p_charge_max": 15000, "p_charge_min": 0, "p_discharge_max": 15000, "p_discharge_min": 0, "conversion_rate": 1, "capacity": 30000, "SOC_max": 1.0, "SOC_init": 0.3089928913497511, "SOC_min": 0.0, "SOC_final": 0.4604229796085443, "id": "EV_17"}, {"charging_horizon": 10, "p_charge_max": 15000, "p_charge_min": 0, "p_discharge_max": 15000, "p_discharge_min": 0, "conversion_rate": 1, "capacity": 30000, "SOC_max": 1.0, "SOC_init": 0.3339975580854498, "SOC_min": 0.0, "SOC_final": 0.5261368885203055, "id": "EV_18"}, {"charging_horizon": 10, "p_charge_max": 15000, "p_charge_min": 0, "p_discharge_max": 15000, "p_discharge_min": 0, "conversion_rate": 1, "capacity": 30000, "SOC_max": 1.0, "SOC_init": 0.34837817991838016, "SOC_min": 0.0, "SOC_final": 0.547380899733174, "id": "EV_19"}, {"charging_horizon": 10, "p_charge_max": 15000, "p_charge_min": 0, "p_discharge_max": 15000, "p_discharge_min": 0, "conversion_rate": 1, "capacity": 30000, "SOC_max": 1.0, "SOC_init": 0.3193052738555008, "SOC_min": 0.0, "SOC_final": 0.4818361117954049, "id": "EV_20"}, {"charging_horizon": 10, "p_charge_max": 15000, "p_charge_min": 0, "p_discharge_max": 15000, "p_discharge_min": 0, "conversion_rate": 1, "capacity": 30000, "SOC_max": 1.0, "SOC_init": 0.2604314235819713, "SOC_min": 0.0, "SOC_final": 0.4767091204757796, "id": "EV_21"}, {"charging_horizon": 10, "p_charge_max": 15000, "p_charge_min": 0, "p_discharge_max": 15000, "p_discharge_min": 0, "conversion_rate": 1, "capacity": 30000, "SOC_max": 1.0, "SOC_init": 0.3272307610214095, "SOC_min": 0.0, "SOC_final": 0.5421375410139555, "id": "EV_22"}, {"charging_horizon": 10, "p_charge_max": 15000, "p_charge_min": 0, "p_discharge_max": 15000, "p_discharge_min": 0, "conversion_rate": 1, "capacity": 30000, "SOC_max": 1.0, "SOC_init": 0.30173819266253304, "SOC_min": 0.0, "SOC_final": 0.5465718778168543, "id": "EV_23"}, {"charging_horizon": 10, "p_charge_max": 15000, "p_charge_min": 0, "p_discharge_max": 15000,