{"optim_horizon": 3, "fcr_commit": 15, "time_mesh": 15, "announced_capacity": {"up": [90000.0, 90000.0, 90000.0, 90000.0, 90000.0, 90000.0, 90000.0, 90000.0, 90000.0, 90000.0, 90000.0, 90000.0, 90000.0, 90000.0, 90000.0, 90000.0, 90000.0, 90000.0, 90000.0, 90000.0, 90000.0, 90000.0, 90000.0, 90000.0, 90000.0, 90000.0, 90000.0, 90000.0, 90000.0, 90000.0, 90000.0, 90000.0, 90000.0, 90000.0, 90000.0, 90000.0, 90000.0, 90000.0, 90000.0, 90000.0, 90000.0, 90000.0, 90000.0, 90000.0, 90000.0, 90000.0, 90000.0, 90000.0, 90000.0, 90000.0, 90000.0, 90000.0, 90000.0, 90000.0, 90000.0, 90000.0, 90000.0, 90000.0, 90000.0, 90000.0, 90000.0, 90000.0, 90000.0, 90000.0, 90000.0, 90000.0, 90000.0, 90000.0, 90000.0, 90000.0, 90000.0, 90000.0, 90000.0, 90000.0, 90000.0, 90000.0, 90000.0, 90000.0, 90000.0, 90000.0, 90000.0, 90000.0, 90000.0, 90000.0, 90000.0, 90000.0, 90000.0, 90000.0, 90000.0, 90000.0, 90000.0, 90000.0, 90000.0, 90000.0, 90000.0, 90000.0], "down": [0.0, 0.0, 0.0, 0.0, 0.0, 0.0, 0.0, 0.0, 0.0, 0.0, 0.0, 0.0, 0.0, 0.0, 0.0, 0.0, 0.0, 0.0, 0.0, 0.0, 0.0, 0.0, 0.0, 0.0, 0.0, 0.0, 0.0, 0.0, 0.0, 0.0, 0.0, 0.0, 0.0, 0.0, 0.0, 0.0, 0.0, 0.0, 0.0, 0.0, 0.0, 0.0, 0.0, 0.0, 0.0, 0.0, 0.0, 0.0, 0.0, 0.0, 0.0, 0.0, 0.0, 0.0, 0.0, 0.0, 0.0, 0.0, 0.0, 0.0, 0.0, 0.0, 0.0, 0.0, 0.0, 0.0, 0.0, 0.0, 0.0, 0.0, 0.0, 0.0, 0.0, 0.0, 0.0, 0.0, 0.0, 0.0, 0.0, 0.0, 0.0, 0.0, 0.0, 0.0, 0.0, 0.0, 0.0, 0.0, 0.0, 0.0, 0.0, 0.0, 0.0, 0.0, 0.0, 0.0]}, "evses": [{"charging_horizon": 3, "p_charge_max": 15000, "p_charge_min": 1000, "p_discharge_max": 15000, "p_discharge_min": 1000, "conversion_rate": 1, "capacity": 30000, "SOC_max": 1.0, "SOC_init": 0.347295764419923, "SOC_min": 0.0, "SOC_final": 0.5010533004445498, "id": "EV_0"}, {"charging_horizon": 3, "p_charge_max": 15000, "p_charge_min": 1000, "p_discharge_max": 15000, "p_discharge_min": 1000, "conversion_rate": 1, "capacity": 30000, "SOC_max": 1.0, "SOC_init": 0.3135356477966804, "SOC_min": 0.0, "SOC_final": 0.48133092445364445, "id": "EV_1"}, {"charging_horizon": 3, "p_charge_max": 15000, "p_charge_min": 1000, "p_discharge_max": 15000, "p_discharge_min": 1000, "conversion_rate": 1, "capacity": 30000, "SOC_max": 1.0, "SOC_init": 0.2884378168616023, "SOC_min": 0.0, "SOC_final": 0.515031488101075, "id": "EV_2"}], "cost_of_electricity": [0.1, 0.1, 0.1, 0.1, 0.1, 0.1, 0.1, 0.1, 0.1, 0.1, 0.1, 0.1, 0.1, 0.1, 0.1, 0.1, 0.1, 0.1, 0.1, 0.1, 0.1, 0.1, 0.1, 0.1, 0.1, 0.1, 0.1, 0.1, 0.1, 0.1, 0.1, 0.1, 0.1, 0.1, 0.1, 0.1, 0.1, 0.1, 0.1, 0.1, 0.1, 0.1, 0.1, 0.1, 0.1, 0.1, 0.1, 0.1, 0.1, 0.1, 0.1, 0.1, 0.1, 0.1, 0.1, 0.1, 0.1, 0.1, 0.1, 0.1, 0.1, 0.1, 0.1, 0.1, 0.1, 0.1, 0.1, 0.1, 0.1, 0.1, 0.1, 0.1, 0.1, 0.1, 0.1, 0.1, 0.1, 0.1, 0.1, 0.1, 0.1, 0.1, 0.1, 0.1, 0.1, 0.1, 0.1, 0.1, 0.1, 0.1, 0.1, 0.1, 0.1, 0.1, 0.1, 0.1], "penalties": {"fcr_up": 0.01, "fcr_down": 0, "SOC_fin": 10000, "beta_min": 10000, "beta_max": 10000}}