{"optim_horizon": 15, "fcr_commit": 15, "time_mesh": 15, "announced_capacity": {"up": [400000.0, 400000.0, 400000.0, 400000.0, 400000.0, 400000.0, 400000.0, 400000.0, 400000.0, 400000.0, 400000.0, 400000.0, 400000.0, 400000.0, 400000.0, 400000.0, 400000.0, 400000.0, 400000.0, 400000.0, 400000.0, 400000.0, 400000.0, 400000.0, 400000.0, 400000.0, 400000.0, 400000.0, 400000.0, 400000.0, 400000.0, 400000.0, 400000.0, 400000.0, 400000.0, 400000.0, 400000.0, 400000.0, 400000.0, 400000.0, 400000.0, 400000.0, 400000.0, 400000.0, 400000.0, 400000.0, 400000.0, 400000.0, 400000.0, 400000.0, 400000.0, 400000.0, 400000.0, 400000.0, 400000.0, 400000.0, 400000.0, 400000.0, 400000.0, 400000.0, 400000.0, 400000.0, 400000.0, 400000.0, 400000.0, 400000.0, 400000.0, 400000.0, 400000.0, 400000.0, 400000.0, 400000.0, 400000.0, 400000.0, 400000.0, 400000.0, 400000.0, 400000.0, 400000.0, 400000.0, 400000.0, 400000.0, 400000.0, 400000.0, 400000.0, 400000.0, 400000.0, 400000.0, 400000.0, 400000.0, 400000.0, 400000.0, 400000.0, 400000.0, 400000.0, 400000.0], "down": [0.0, 0.0, 0.0, 0.0, 0.0, 0.0, 0.0, 0.0, 0.0, 0.0, 0.0, 0.0, 0.0, 0.0, 0.0, 0.0, 0.0, 0.0, 0.0, 0.0, 0.0, 0.0, 0.0, 0.0, 0.0, 0.0, 0.0, 0.0, 0.0, 0.0, 0.0, 0.0, 0.0, 0.0, 0.0, 0.0, 0.0, 0.0, 0.0, 0.0, 0.0, 0.0, 0.0, 0.0, 0.0, 0.0, 0.0, 0.0, 0.0, 0.0, 0.0, 0.0, 0.0, 0.0, 0.0, 0.0, 0.0, 0.0, 0.0, 0.0, 0.0, 0.0, 0.0, 0.0, 0.0, 0.0, 0.0, 0.0, 0.0, 0.0, 0.0, 0.0, 0.0, 0.0, 0.0, 0.0, 0.0, 0.0, 0.0, 0.0, 0.0, 0.0, 0.0, 0.0, 0.0, 0.0, 0.0, 0.0, 0.0, 0.0, 0.0, 0.0, 0.0, 0.0, 0.0, 0.0]}, "evses": [{"charging_horizon": 15, "p_charge_max": 15000, "p_charge_min": 1000, "p_discharge_max": 15000, "p_discharge_min": 1000, "conversion_rate": 1, "capacity": 30000, "SOC_max": 1.0, "SOC_init": 0.25044614874172055, "SOC_min": 0.0, "SOC_final": 0.4899278522482136, "id": "EV_0"}, {"charging_horizon": 15, "p_charge_max": 15000, "p_charge_min": 1000, "p_discharge_max": 15000, "p_discharge_min": 1000, "conversion_rate": 1, "capacity": 30000, "SOC_max": 1.0, "SOC_init": 0.31495822981853083, "SOC_min": 0.0, "SOC_final": 0.46762514654020126, "id": "EV_1"}, {"charging_horizon": 15, "p_charge_max": 15000, "p_charge_min": 1000, "p_discharge_max": 15000, "p_discharge_min": 1000, "conversion_rate": 1, "capacity": 30000, "SOC_max": 1.0, "SOC_init": 0.29156997911001514, "SOC_min": 0.0, "SOC_final": 0.4657770061510376, "id": "EV_2"}, {"charging_horizon": 15, "p_charge_max": 15000, "p_charge_min": 1000, "p_discharge_max": 15000, "p_discharge_min": 1000, "conversion_rate": 1, "capacity": 30000, "SOC_max": 1.0, "SOC_init": 0.32573137096777327, "SOC_min": 0.0, "SOC_final": 0.4646035568029257, "id": "EV_3"}, {"charging_horizon": 15, "p_charge_max": 15000, "p_charge_min": 1000, "p_discharge_max": 15000, "p_discharge_min": 1000, "conversion_rate": 1, "capacity": 30000, "SOC_max": 1.0, "SOC_init": 0.34285156864381305, "SOC_min": 0.0, "SOC_final": 0.4729575579000493, "id": "EV_4"}, {"charging_horizon": 15, "p_charge_max": 15000, "p_charge_min": 1000, "p_discharge_max": 15000, "p_discharge_min": 1000, "conversion_rate": 1, "capacity": 30000, "SOC_max": 1.0, "SOC_init": 0.25288991425482704, "SOC_min": 0.0, "SOC_final": 0.47655327668479747, "id": "EV_5"}, {"charging_horizon": 15, "p_charge_max": 15000, "p_charge_min": 1000, "p_discharge_max": 15000, "p_discharge_min": 1000, "conversion_rate": 1, "capacity": 30000, "SOC_max": 1.0, "SOC_init": 0.2759752355757719, "SOC_min": 0.0, "SOC_final": 0.5353127980819044, "id": "EV_6"}, {"charging_horizon": 15, "p_charge_max": 15000, "p_charge_min": 1000, "p_discharge_max": 15000, "p_discharge_min": 1000, "conversion_rate": 1, "capacity": 30000, "SOC_max": 1.0, "SOC_init": 0.25938297101656693, "SOC_min": 0.0, "SOC_final": 0.5405901430571078, "id": "EV_7"}, {"charging_horizon": 15, "p_charge_max": 15000, "p_charge_min": 1000, "p_discharge_max": 15000, "p_discharge_min": 1000, "conversion_rate": 1, "capacity": 30000, "SOC_max": 1.0, "SOC_init": 0.34561206427497737, "SOC_min": 0.0, "SOC_final": 0.5242649735912912, "id": "EV_8"}, {"charging_horizon": 15, "p_charge_max": 15000, "p_charge_min": 1000, "p_discharge_max": 15000, "p_discharge_min": 1000, "conversion_rate": 1, "capacity": 30000, "SOC_max": 1.0, "SOC_init": 0.348690330799593, "SOC_min": 0.0, "SOC_final": 0.541731810796125, "id": "EV_9"}, {"charging_horizon": 15, "p_charge_max": 15000, "p_charge_min": 1000, "p_discharge_max": 15000, "p_discharge_min": 1000, "conversion_rate": 1, "capacity": 30000, "SOC_max": 1.0, "SOC_init": 0.3099671800009289, "SOC_min": 0.0, "SOC_final": 0.5243393851039787, "id": "EV_10"}, {"charging_horizon": 15, "p_charge_max": 15000, "p_charge_min": 1000, "p_discharge_max": 15000, "p_discharge_min": 1000, "conversion_rate": 1, "capacity": 30000, "SOC_max": 1.0, "SOC_init": 0.32477240115354317, "SOC_min": 0.0, "SOC_final": 0.5015738188504691, "id": "EV_11"}, {"charging_horizon": 15, "p_charge_max": 15000, "p_charge_min": 1000, "p_discharge_max": 15000, "p_discharge_min": 1000, "conversion_rate": 1, "capacity": 30000, "SOC_max": 1.0, "SOC_init": 0.31598809072311834, "SOC_min": 0.0, "SOC_final": 0.4655121084835121, "id": "EV_12"}, {"charging_horizon": 15, "p_charge_max": 15000, "p_charge_min": 1000, "p_discharge_max": 15000, "p_discharge_min": 1000, "conversion_rate": 1, "capacity": 30000, "SOC_max": 1.0, "SOC_init": 0.3150349468945179, "SOC_min": 0.0, "SOC_final": 0.4907892841708832, "id": "EV_13"}, {"charging_horizon": 15, "p_charge_max": 15000, "p_charge_min": 1000, "p_discharge_max": 15000, "p_discharge_min": 1000, "conversion_rate": 1, "capacity": 30000, "SOC_max": 1.0, "SOC_init": 0.2716896702458149, "SOC_min": 0.0, "SOC_final": 0.4657953445868111, "id": "EV_14"}, {"charging_horizon": 15, "p_charge_max": 15000, "p_charge_min": 1000, "p_discharge_max": 15000, "p_discharge_min": 1000, "conversion_rate": 1, "capacity": 30000, "SOC_max": 1.0, "SOC_init": 0.33718779132088794, "SOC_min": 0.0, "SOC_final": 0.455087752796282, "id": "EV_15"}, {"charging_horizon": 15, "p_charge_max": 15000, "p_charge_min": 1000, "p_discharge_max": 15000, "p_discharge_min": 1000, "conversion_rate": 1, "capacity": 30000, "SOC_max": 1.0, "SOC_init": 0.2675113995016887, "SOC_min": 0.0, "SOC_final": 0.4703943233793556, "id": "EV_16"}, {"charging_horizon": 15, "p_charge_max": 15000, "p_charge_min": 1000, "p_discharge_max": 15000, "p_discharge_min": 1000, "conversion_rate": 1, "capacity": 30000, "SOC_max": 1.0, "SOC_init": 0.323983915821521, "SOC_min": 0.0, "SOC_final": 0.5064896547159091, "id": "EV_17"}, {"charging_horizon": 15, "p_charge_max": 15000, "p_charge_min": 1000, "p_discharge_max": 15000, "p_discharge_min": 1000, "conversion_rate": 1, "capacity": 30000, "SOC_max": 1.0, "SOC_init": 0.2915192161042135, "SOC_min": 0.0, "SOC_final": 0.5089298664490027, "id": "EV_18"}, {"charging_horizon": 15, "p_charge_max": 15000, "p_charge_min": 1000, "p_discharge_max": 15000, "p_discharge_min": 1000, "conversion_rate": 1, "capacity": 30000, "SOC_max": 1.0, "SOC_init": 0.33385933572940346, "SOC_min": 0.0, "SOC_final": 0.47146673799110234, "id": "EV_19"}], "cost_of_electricity": [0.1, 0.1, 0.1, 0.1, 0.1, 0.1, 0.1, 0.1, 0.1, 0.1, 0.1, 0.1, 0.1, 0.1, 0.1, 0.1, 0.1, 0.1, 0.1, 0.1, 0.1, 0.1, 0.1, 0.1, 0.1, 0.1, 0.1, 0.1, 0.1, 0.1, 0.1, 0.1, 0.1, 0.1, 0.1, 0.1, 0.1, 0.1, 0.1, 0.1, 0.1, 0.1, 0.1, 0.1, 0.1, 0.1, 0.1, 0.1, 0.1, 0.1, 0.1, 0.1, 0.1, 0.1, 0.1, 0.1, 0.1, 0.1, 0.1, 0.1, 0.1, 0.1, 0.1, 0.1, 0.1, 0.1, 0.1, 0.1, 0.1, 0.1, 0.1, 0.1, 0.1, 0.1, 0.1, 0.1, 0.1, 0.1, 0.1, 0.1, 0.1, 0.1, 0.1, 0.1, 0.1, 0.1, 0.1, 0.1, 0.1, 0.1, 0.1, 0.1, 0.1, 0.1, 0.1, 0.1], "penalties": {"fcr_up": 0.01, "fcr_down": 0, "SOC_fin": 10000, "beta_min": 10000, "beta_max": 10000}}