{"optim_horizon": 10, "fcr_commit": 15, "time_mesh": 15, "announced_capacity": {"up": [140000.0, 140000.0, 140000.0, 140000.0, 140000.0, 140000.0, 140000.0, 140000.0, 140000.0, 140000.0, 140000.0, 140000.0, 140000.0, 140000.0, 140000.0, 140000.0, 140000.0, 140000.0, 140000.0, 140000.0, 140000.0, 140000.0, 140000.0, 140000.0, 140000.0, 140000.0, 140000.0, 140000.0, 140000.0, 140000.0, 140000.0, 140000.0, 140000.0, 140000.0, 140000.0, 140000.0, 140000.0, 140000.0, 140000.0, 140000.0, 140000.0, 140000.0, 140000.0, 140000.0, 140000.0, 140000.0, 140000.0, 140000.0, 140000.0, 140000.0, 140000.0, 140000.0, 140000.0, 140000.0, 140000.0, 140000.0, 140000.0, 140000.0, 140000.0, 140000.0, 140000.0, 140000.0, 140000.0, 140000.0, 140000.0, 140000.0, 140000.0, 140000.0, 140000.0, 140000.0, 140000.0, 140000.0, 140000.0, 140000.0, 140000.0, 140000.0, 140000.0, 140000.0, 140000.0, 140000.0, 140000.0, 140000.0, 140000.0, 140000.0, 140000.0, 140000.0, 140000.0, 140000.0, 140000.0, 140000.0, 140000.0, 140000.0, 140000.0, 140000.0, 140000.0, 140000.0], "down": [0.0, 0.0, 0.0, 0.0, 0.0, 0.0, 0.0, 0.0, 0.0, 0.0, 0.0, 0.0, 0.0, 0.0, 0.0, 0.0, 0.0, 0.0, 0.0, 0.0, 0.0, 0.0, 0.0, 0.0, 0.0, 0.0, 0.0, 0.0, 0.0, 0.0, 0.0, 0.0, 0.0, 0.0, 0.0, 0.0, 0.0, 0.0, 0.0, 0.0, 0.0, 0.0, 0.0, 0.0, 0.0, 0.0, 0.0, 0.0, 0.0, 0.0, 0.0, 0.0, 0.0, 0.0, 0.0, 0.0, 0.0, 0.0, 0.0, 0.0, 0.0, 0.0, 0.0, 0.0, 0.0, 0.0, 0.0, 0.0, 0.0, 0.0, 0.0, 0.0, 0.0, 0.0, 0.0, 0.0, 0.0, 0.0, 0.0, 0.0, 0.0, 0.0, 0.0, 0.0, 0.0, 0.0, 0.0, 0.0, 0.0, 0.0, 0.0, 0.0, 0.0, 0.0, 0.0, 0.0]}, "evses": [{"charging_horizon": 10, "p_charge_max": 15000, "p_charge_min": 1000, "p_discharge_max": 15000, "p_discharge_min": 1000, "conversion_rate": 1, "capacity": 30000, "SOC_max": 1.0, "SOC_init": 0.3231145103086028, "SOC_min": 0.0, "SOC_final": 0.46141744651353217, "id": "EV_0"}, {"charging_horizon": 10, "p_charge_max": 15000, "p_charge_min": 1000, "p_discharge_max": 15000, "p_discharge_min": 1000, "conversion_rate": 1, "capacity": 30000, "SOC_max": 1.0, "SOC_init": 0.282027937401434, "SOC_min": 0.0, "SOC_final": 0.5254872081716854, "id": "EV_1"}, {"charging_horizon": 10, "p_charge_max": 15000, "p_charge_min": 1000, "p_discharge_max": 15000, "p_discharge_min": 1000, "conversion_rate": 1, "capacity": 30000, "SOC_max": 1.0, "SOC_init": 0.2680212282253668, "SOC_min": 0.0, "SOC_final": 0.4818648288422646, "id": "EV_2"}, {"charging_horizon": 10, "p_charge_max": 15000, "p_charge_min": 1000, "p_discharge_max": 15000, "p_discharge_min": 1000, "conversion_rate": 1, "capacity": 30000, "SOC_max": 1.0, "SOC_init": 0.33632889382262704, "SOC_min": 0.0, "SOC_final": 0.48499658771989695, "id": "EV_3"}, {"charging_horizon": 10, "p_charge_max": 15000, "p_charge_min": 1000, "p_discharge_max": 15000, "p_discharge_min": 1000, "conversion_rate": 1, "capacity": 30000, "SOC_max": 1.0, "SOC_init": 0.28257733762325216, "SOC_min": 0.0, "SOC_final": 0.5078578357883572, "id": "EV_4"}, {"charging_horizon": 10, "p_charge_max": 15000, "p_charge_min": 1000, "p_discharge_max": 15000, "p_discharge_min": 1000, "conversion_rate": 1, "capacity": 30000, "SOC_max": 1.0, "SOC_init": 0.29561225658740664, "SOC_min": 0.0, "SOC_final": 0.46011483009889154, "id": "EV_5"}, {"charging_horizon": 10, "p_charge_max": 15000, "p_charge_min": 1000, "p_discharge_max": 15000, "p_discharge_min": 1000, "conversion_rate": 1, "capacity": 30000, "SOC_max": 1.0, "SOC_init": 0.3355751637746822, "SOC_min": 0.0, "SOC_final": 0.5026625446058377, "id": "EV_6"}, {"charging_horizon": 10, "p_charge_max": 15000, "p_charge_min": 1000, "p_discharge_max": 15000, "p_discharge_min": 1000, "conversion_rate": 1, "capacity": 30000, "SOC_max": 1.0, "SOC_init": 0.25371830794727723, "SOC_min": 0.0, "SOC_final": 0.5495060716966986, "id": "EV_7"}, {"charging_horizon": 10, "p_charge_max": 15000, "p_charge_min": 1000, "p_discharge_max": 15000, "p_discharge_min": 1000, "conversion_rate": 1, "capacity": 30000, "SOC_max": 1.0, "SOC_init": 0.321516364360583, "SOC_min": 0.0, "SOC_final": 0.5065288499426361, "id": "EV_8"}, {"charging_horizon": 10, "p_charge_max": 15000, "p_charge_min": 1000, "p_discharge_max": 15000, "p_discharge_min": 1000, "conversion_rate": 1, "capacity": 30000, "SOC_max": 1.0, "SOC_init": 0.31817204549041755, "SOC_min": 0.0, "SOC_final": 0.47761879682334135, "id": "EV_9"}, {"charging_horizon": 10, "p_charge_max": 15000, "p_charge_min": 1000, "p_discharge_max": 15000, "p_discharge_min": 1000, "conversion_rate": 1, "capacity": 30000, "SOC_max": 1.0, "SOC_init": 0.29371333089098656, "SOC_min": 0.0, "SOC_final": 0.476242080804465, "id": "EV_10"}, {"charging_horizon": 10, "p_charge_max": 15000, "p_charge_min": 1000, "p_discharge_max": 15000, "p_discharge_min": 1000, "conversion_rate": 1, "capacity": 30000, "SOC_max": 1.0, "SOC_init": 0.2636570356136658, "SOC_min": 0.0, "SOC_final": 0.47868889029706674, "id": "EV_11"}, {"charging_horizon": 10, "p_charge_max": 15000, "p_charge_min": 1000, "p_discharge_max": 15000, "p_discharge_min": 1000, "conversion_rate": 1, "capacity": 30000, "SOC_max": 1.0, "SOC_init": 0.3373106456435467, "SOC_min": 0.0, "SOC_final": 0.48330926723386713, "id": "EV_12"}, {"charging_horizon": 10, "p_charge_max": 15000, "p_charge_min": 1000, "p_discharge_max": 15000, "p_discharge_min": 1000, "conversion_rate": 1, "capacity": 30000, "SOC_max": 1.0, "SOC_init": 0.30308428833557854, "SOC_min": 0.0, "SOC_final": 0.47476707979716165, "id": "EV_13"}, {"charging_horizon": 10, "p_charge_max": 15000, "p_charge_min": 1000, "p_discharge_max": 15000, "p_discharge_min": 1000, "conversion_rate": 1, "capacity": 30000, "SOC_max": 1.0, "SOC_init": 0.2734578878002354, "SOC_min": 0.0, "SOC_final": 0.5248271648804718, "id": "EV_14"}, {"charging_horizon": 10, "p_charge_max": 15000, "p_charge_min": 1000, "p_discharge_max": 15000, "p_discharge_min": 1000, "conversion_rate": 1, "capacity": 30000, "SOC_max": 1.0, "SOC_init": 0.311566920838503, "SOC_min": 0.0, "SOC_final": 0.5165678343721732, "id": "EV_15"}, {"charging_horizon": 10, "p_charge_max": 15000, "p_charge_min": 1000, "p_discharge_max": 15000, "p_discharge_min": 1000, "conversion_rate": 1, "capacity": 30000, "SOC_max": 1.0, "SOC_init": 0.332194681859422, "SOC_min": 0.0, "SOC_final": 0.5391668477729007, "id": "EV_16"}, {"charging_horizon": 10, "p_charge_max": 15000, "p_charge_min": 1000, "p_discharge_max": 15000, "p_discharge_min": 1000, "conversion_rate": 1, "capacity": 30000, "SOC_max": 1.0, "SOC_init": 0.3386204433614558, "SOC_min": 0.0, "SOC_final": 0.4539292616740629, "id": "EV_17"}, {"charging_horizon": 10, "p_charge_max": 15000, "p_charge_min": 1000, "p_discharge_max": 15000, "p_discharge_min": 1000, "conversion_rate": 1, "capacity": 30000, "SOC_max": 1.0, "SOC_init": 0.2877555709695843, "SOC_min": 0.0, "SOC_final": 0.5117036602285687, "id": "EV_18"}, {"charging_horizon": 10, "p_charge_max": 15000, "p_charge_min": 1000, "p_discharge_max": 15000, "p_discharge_min": 1000, "conversion_rate": 1, "capacity": 30000, "SOC_max": 1.0, "SOC_init": 0.34461263294773997, "SOC_min": 0.0, "SOC_final": 0.4751574994539572, "id": "EV_19"}], "cost_of_electricity": [0.1, 0.1, 0.1, 0.1, 0.1, 0.1, 0.1, 0.1, 0.1, 0.1, 0.1, 0.1, 0.1, 0.1, 0.1, 0.1, 0.1, 0.1, 0.1, 0.1, 0.1, 0.1, 0.1, 0.1, 0.1, 0.1, 0.1, 0.1, 0.1, 0.1, 0.1, 0.1, 0.1, 0.1, 0.1, 0.1, 0.1, 0.1, 0.1, 0.1, 0.1, 0.1, 0.1, 0.1, 0.1, 0.1, 0.1, 0.1, 0.1, 0.1, 0.1, 0.1, 0.1, 0.1, 0.1, 0.1, 0.1, 0.1, 0.1, 0.1, 0.1, 0.1, 0.1, 0.1, 0.1, 0.1, 0.1, 0.1, 0.1, 0.1, 0.1, 0.1, 0.1, 0.1, 0.1, 0.1, 0.1, 0.1, 0.1, 0.1, 0.1, 0.1, 0.1, 0.1, 0.1, 0.1, 0.1, 0.1, 0.1, 0.1, 0.1, 0.1, 0.1, 0.1, 0.1, 0.1], "penalties": {"fcr_up": 0.01, "fcr_down": 0, "SOC_fin": 10000}}