{"optim_horizon": 3, "fcr_commit": 15, "time_mesh": 15, "announced_capacity": {"up": [21000.0, 21000.0, 21000.0, 21000.0, 21000.0, 21000.0, 21000.0, 21000.0, 21000.0, 21000.0, 21000.0, 21000.0, 21000.0, 21000.0, 21000.0, 21000.0, 21000.0, 21000.0, 21000.0, 21000.0, 21000.0, 21000.0, 21000.0, 21000.0, 21000.0, 21000.0, 21000.0, 21000.0, 21000.0, 21000.0, 21000.0, 21000.0, 21000.0, 21000.0, 21000.0, 21000.0, 21000.0, 21000.0, 21000.0, 21000.0, 21000.0, 21000.0, 21000.0, 21000.0, 21000.0, 21000.0, 21000.0, 21000.0, 21000.0, 21000.0, 21000.0, 21000.0, 21000.0, 21000.0, 21000.0, 21000.0, 21000.0, 21000.0, 21000.0, 21000.0, 21000.0, 21000.0, 21000.0, 21000.0, 21000.0, 21000.0, 21000.0, 21000.0, 21000.0, 21000.0, 21000.0, 21000.0, 21000.0, 21000.0, 21000.0, 21000.0, 21000.0, 21000.0, 21000.0, 21000.0, 21000.0, 21000.0, 21000.0, 21000.0, 21000.0, 21000.0, 21000.0, 21000.0, 21000.0, 21000.0, 21000.0, 21000.0, 21000.0, 21000.0, 21000.0, 21000.0], "down": [0.0, 0.0, 0.0, 0.0, 0.0, 0.0, 0.0, 0.0, 0.0, 0.0, 0.0, 0.0, 0.0, 0.0, 0.0, 0.0, 0.0, 0.0, 0.0, 0.0, 0.0, 0.0, 0.0, 0.0, 0.0, 0.0, 0.0, 0.0, 0.0, 0.0, 0.0, 0.0, 0.0, 0.0, 0.0, 0.0, 0.0, 0.0, 0.0, 0.0, 0.0, 0.0, 0.0, 0.0, 0.0, 0.0, 0.0, 0.0, 0.0, 0.0, 0.0, 0.0, 0.0, 0.0, 0.0, 0.0, 0.0, 0.0, 0.0, 0.0, 0.0, 0.0, 0.0, 0.0, 0.0, 0.0, 0.0, 0.0, 0.0, 0.0, 0.0, 0.0, 0.0, 0.0, 0.0, 0.0, 0.0, 0.0, 0.0, 0.0, 0.0, 0.0, 0.0, 0.0, 0.0, 0.0, 0.0, 0.0, 0.0, 0.0, 0.0, 0.0, 0.0, 0.0, 0.0, 0.0]}, "evses": [{"charging_horizon": 3, "p_charge_max": 15000, "p_charge_min": 1000, "p_discharge_max": 15000, "p_discharge_min": 1000, "conversion_rate": 1, "capacity": 30000, "SOC_max": 1.0, "SOC_init": 0.2664112973127683, "SOC_min": 0.0, "SOC_final": 0.5052098308580945, "id": "EV_0"}, {"charging_horizon": 3, "p_charge_max": 15000, "p_charge_min": 1000, "p_discharge_max": 15000, "p_discharge_min": 1000, "conversion_rate": 1, "capacity": 30000, "SOC_max": 1.0, "SOC_init": 0.2571995674426133, "SOC_min": 0.0, "SOC_final": 0.47435856826890915, "id": "EV_1"}, {"charging_horizon": 3, "p_charge_max": 15000, "p_charge_min": 1000, "p_discharge_max": 15000, "p_discharge_min": 1000, "conversion_rate": 1, "capacity": 30000, "SOC_max": 1.0, "SOC_init": 0.2831205948670636, "SOC_min": 0.0, "SOC_final": 0.5411598518445906, "id": "EV_2"}], "cost_of_electricity": [0, 0, 0, 0, 0, 0, 0, 0, 0, 0, 0, 0, 0, 0, 0, 0, 0, 0, 0, 0, 0, 0, 0, 0, 0, 0, 0, 0, 0, 0, 0, 0, 0, 0, 0, 0, 0, 0, 0, 0, 0, 0, 0, 0, 0, 0, 0, 0, 0, 0, 0, 0, 0, 0, 0, 0, 0, 0, 0, 0, 0, 0, 0, 0, 0, 0, 0, 0, 0, 0, 0, 0, 0, 0, 0, 0, 0, 0, 0, 0, 0, 0, 0, 0, 0, 0, 0, 0, 0, 0, 0, 0, 0, 0, 0, 0], "penalties": {"fcr_up": 0.01, "fcr_down": 0, "SOC_fin": 10000}}