{"optim_horizon": 3, "fcr_commit": 15, "time_mesh": 15, "announced_capacity": {"up": [21000.0, 21000.0, 21000.0, 21000.0, 21000.0, 21000.0, 21000.0, 21000.0, 21000.0, 21000.0, 21000.0, 21000.0, 21000.0, 21000.0, 21000.0, 21000.0, 21000.0, 21000.0, 21000.0, 21000.0, 21000.0, 21000.0, 21000.0, 21000.0, 21000.0, 21000.0, 21000.0, 21000.0, 21000.0, 21000.0, 21000.0, 21000.0, 21000.0, 21000.0, 21000.0, 21000.0, 21000.0, 21000.0, 21000.0, 21000.0, 21000.0, 21000.0, 21000.0, 21000.0, 21000.0, 21000.0, 21000.0, 21000.0, 21000.0, 21000.0, 21000.0, 21000.0, 21000.0, 21000.0, 21000.0, 21000.0, 21000.0, 21000.0, 21000.0, 21000.0, 21000.0, 21000.0, 21000.0, 21000.0, 21000.0, 21000.0, 21000.0, 21000.0, 21000.0, 21000.0, 21000.0, 21000.0, 21000.0, 21000.0, 21000.0, 21000.0, 21000.0, 21000.0, 21000.0, 21000.0, 21000.0, 21000.0, 21000.0, 21000.0, 21000.0, 21000.0, 21000.0, 21000.0, 21000.0, 21000.0, 21000.0, 21000.0, 21000.0, 21000.0, 21000.0, 21000.0], "down": [0.0, 0.0, 0.0, 0.0, 0.0, 0.0, 0.0, 0.0, 0.0, 0.0, 0.0, 0.0, 0.0, 0.0, 0.0, 0.0, 0.0, 0.0, 0.0, 0.0, 0.0, 0.0, 0.0, 0.0, 0.0, 0.0, 0.0, 0.0, 0.0, 0.0, 0.0, 0.0, 0.0, 0.0, 0.0, 0.0, 0.0, 0.0, 0.0, 0.0, 0.0, 0.0, 0.0, 0.0, 0.0, 0.0, 0.0, 0.0, 0.0, 0.0, 0.0, 0.0, 0.0, 0.0, 0.0, 0.0, 0.0, 0.0, 0.0, 0.0, 0.0, 0.0, 0.0, 0.0, 0.0, 0.0, 0.0, 0.0, 0.0, 0.0, 0.0, 0.0, 0.0, 0.0, 0.0, 0.0, 0.0, 0.0, 0.0, 0.0, 0.0, 0.0, 0.0, 0.0, 0.0, 0.0, 0.0, 0.0, 0.0, 0.0, 0.0, 0.0, 0.0, 0.0, 0.0, 0.0]}, "evses": [{"charging_horizon": 3, "p_charge_max": 15000, "p_charge_min": 1000, "p_discharge_max": 15000, "p_discharge_min": 1000, "conversion_rate": 1, "capacity": 30000, "SOC_max": 1.0, "SOC_init": 0.2691002502249612, "SOC_min": 0.0, "SOC_final": 0.49426089373170207, "id": "EV_0"}, {"charging_horizon": 3, "p_charge_max": 15000, "p_charge_min": 1000, "p_discharge_max": 15000, "p_discharge_min": 1000, "conversion_rate": 1, "capacity": 30000, "SOC_max": 1.0, "SOC_init": 0.276130606272383, "SOC_min": 0.0, "SOC_final": 0.4832693848824568, "id": "EV_1"}, {"charging_horizon": 3, "p_charge_max": 15000, "p_charge_min": 1000, "p_discharge_max": 15000, "p_discharge_min": 1000, "conversion_rate": 1, "capacity": 30000, "SOC_max": 1.0, "SOC_init": 0.2664884554136998, "SOC_min": 0.0, "SOC_final": 0.4674058895187799, "id": "EV_2"}], "cost_of_electricity": [0.1, 0.1, 0.1, 0.1, 0.1, 0.1, 0.1, 0.1, 0.1, 0.1, 0.1, 0.1, 0.1, 0.1, 0.1, 0.1, 0.1, 0.1, 0.1, 0.1, 0.1, 0.1, 0.1, 0.1, 0.1, 0.1, 0.1, 0.1, 0.1, 0.1, 0.1, 0.1, 0.1, 0.1, 0.1, 0.1, 0.1, 0.1, 0.1, 0.1, 0.1, 0.1, 0.1, 0.1, 0.1, 0.1, 0.1, 0.1, 0.1, 0.1, 0.1, 0.1, 0.1, 0.1, 0.1, 0.1, 0.1, 0.1, 0.1, 0.1, 0.1, 0.1, 0.1, 0.1, 0.1, 0.1, 0.1, 0.1, 0.1, 0.1, 0.1, 0.1, 0.1, 0.1, 0.1, 0.1, 0.1, 0.1, 0.1, 0.1, 0.1, 0.1, 0.1, 0.1, 0.1, 0.1, 0.1, 0.1, 0.1, 0.1, 0.1, 0.1, 0.1, 0.1, 0.1, 0.1], "penalties": {"fcr_up": 0.01, "fcr_down": 0, "SOC_fin": 100000}}