{"optim_horizon": 10, "fcr_commit": 15, "time_mesh": 15, "announced_capacity": {"up": [1000000, 1000000, 1000000, 1000000, 1000000, 1000000, 1000000, 1000000, 1000000, 1000000, 1000000, 1000000, 1000000, 1000000, 1000000, 1000000, 1000000, 1000000, 1000000, 1000000, 1000000, 1000000, 1000000, 1000000, 1000000, 1000000, 1000000, 1000000, 1000000, 1000000, 1000000, 1000000, 1000000, 1000000, 1000000, 1000000, 1000000, 1000000, 1000000, 1000000, 1000000, 1000000, 1000000, 1000000, 1000000, 1000000, 1000000, 1000000, 1000000, 1000000, 1000000, 1000000, 1000000, 1000000, 1000000, 1000000, 1000000, 1000000, 1000000, 1000000, 1000000, 1000000, 1000000, 1000000, 1000000, 1000000, 1000000, 1000000, 1000000, 1000000, 1000000, 1000000, 1000000, 1000000, 1000000, 1000000, 1000000, 1000000, 1000000, 1000000, 1000000, 1000000, 1000000, 1000000, 1000000, 1000000, 1000000, 1000000, 1000000, 1000000, 1000000, 1000000, 1000000, 1000000, 1000000, 1000000], "down": [0.0, 0.0, 0.0, 0.0, 0.0, 0.0, 0.0, 0.0, 0.0, 0.0, 0.0, 0.0, 0.0, 0.0, 0.0, 0.0, 0.0, 0.0, 0.0, 0.0, 0.0, 0.0, 0.0, 0.0, 0.0, 0.0, 0.0, 0.0, 0.0, 0.0, 0.0, 0.0, 0.0, 0.0, 0.0, 0.0, 0.0, 0.0, 0.0, 0.0, 0.0, 0.0, 0.0, 0.0, 0.0, 0.0, 0.0, 0.0, 0.0, 0.0, 0.0, 0.0, 0.0, 0.0, 0.0, 0.0, 0.0, 0.0, 0.0, 0.0, 0.0, 0.0, 0.0, 0.0, 0.0, 0.0, 0.0, 0.0, 0.0, 0.0, 0.0, 0.0, 0.0, 0.0, 0.0, 0.0, 0.0, 0.0, 0.0, 0.0, 0.0, 0.0, 0.0, 0.0, 0.0, 0.0, 0.0, 0.0, 0.0, 0.0, 0.0, 0.0, 0.0, 0.0, 0.0, 0.0]}, "evses": [{"charging_horizon": 10, "p_charge_max": 15000, "p_charge_min": 0, "p_discharge_max": 15000, "p_discharge_min": 0, "conversion_rate": 1, "capacity": 30000, "SOC_max": 1.0, "SOC_init": 0.2512768984923314, "SOC_min": 0.0, "SOC_final": 0.5005448606679617, "id": "EV_0"}, {"charging_horizon": 10, "p_charge_max": 15000, "p_charge_min": 0, "p_discharge_max": 15000, "p_discharge_min": 0, "conversion_rate": 1, "capacity": 30000, "SOC_max": 1.0, "SOC_init": 0.26285169498208016, "SOC_min": 0.0, "SOC_final": 0.5292046171066269, "id": "EV_1"}, {"charging_horizon": 10, "p_charge_max": 15000, "p_charge_min": 0, "p_discharge_max": 15000, "p_discharge_min": 0, "conversion_rate": 1, "capacity": 30000, "SOC_max": 1.0, "SOC_init": 0.25686314595944537, "SOC_min": 0.0, "SOC_final": 0.5494854623133665, "id": "EV_2"}, {"charging_horizon": 10, "p_charge_max": 15000, "p_charge_min": 0, "p_discharge_max": 15000, "p_discharge_min": 0, "conversion_rate": 1, "capacity": 30000, "SOC_max": 1.0, "SOC_init": 0.300178069127457, "SOC_min": 0.0, "SOC_final": 0.4891103161869821, "id": "EV_3"}, {"charging_horizon": 10, "p_charge_max": 15000, "p_charge_min": 0, "p_discharge_max": 15000, "p_discharge_min": 0, "conversion_rate": 1, "capacity": 30000, "SOC_max": 1.0, "SOC_init": 0.2523758636598895, "SOC_min": 0.0, "SOC_final": 0.4510390686882738, "id": "EV_4"}, {"charging_horizon": 10, "p_charge_max": 15000, "p_charge_min": 0, "p_discharge_max": 15000, "p_discharge_min": 0, "conversion_rate": 1, "capacity": 30000, "SOC_max": 1.0, "SOC_init": 0.32254307890147704, "SOC_min": 0.0, "SOC_final": 0.5036546381071686, "id": "EV_5"}, {"charging_horizon": 10, "p_charge_max": 15000, "p_charge_min": 0, "p_discharge_max": 15000, "p_discharge_min": 0, "conversion_rate": 1, "capacity": 30000, "SOC_max": 1.0, "SOC_init": 0.2751950320838845, "SOC_min": 0.0, "SOC_final": 0.4622171413177974, "id": "EV_6"}, {"charging_horizon": 10, "p_charge_max": 15000, "p_charge_min": 0, "p_discharge_max": 15000, "p_discharge_min": 0, "conversion_rate": 1, "capacity": 30000, "SOC_max": 1.0, "SOC_init": 0.27528262946067705, "SOC_min": 0.0, "SOC_final": 0.5177300985400871, "id": "EV_7"}, {"charging_horizon": 10, "p_charge_max": 15000, "p_charge_min": 0, "p_discharge_max": 15000, "p_discharge_min": 0, "conversion_rate": 1, "capacity": 30000, "SOC_max": 1.0, "SOC_init": 0.2513314733494286, "SOC_min": 0.0, "SOC_final": 0.45846289059933076, "id": "EV_8"}, {"charging_horizon": 10, "p_charge_max": 15000, "p_charge_min": 0, "p_discharge_max": 15000, "p_discharge_min": 0, "conversion_rate": 1, "capacity": 30000, "SOC_max": 1.0, "SOC_init": 0.2992821703213311, "SOC_min": 0.0, "SOC_final": 0.5325361025686314, "id": "EV_9"}, {"charging_horizon": 10, "p_charge_max": 15000, "p_charge_min": 0, "p_discharge_max": 15000, "p_discharge_min": 0, "conversion_rate": 1, "capacity": 30000, "SOC_max": 1.0, "SOC_init": 0.27266454462343204, "SOC_min": 0.0, "SOC_final": 0.49884318792722504, "id": "EV_10"}, {"charging_horizon": 10, "p_charge_max": 15000, "p_charge_min": 0, "p_discharge_max": 15000, "p_discharge_min": 0, "conversion_rate": 1, "capacity": 30000, "SOC_max": 1.0, "SOC_init": 0.32683030041664035, "SOC_min": 0.0, "SOC_final": 0.5460985199568884, "id": "EV_11"}, {"charging_horizon": 10, "p_charge_max": 15000, "p_charge_min": 0, "p_discharge_max": 15000, "p_discharge_min": 0, "conversion_rate": 1, "capacity": 30000, "SOC_max": 1.0, "SOC_init": 0.33952874980874914, "SOC_min": 0.0, "SOC_final": 0.4726177982587996, "id": "EV_12"}, {"charging_horizon": 10, "p_charge_max": 15000, "p_charge_min": 0, "p_discharge_max": 15000, "p_discharge_min": 0, "conversion_rate": 1, "capacity": 30000, "SOC_max": 1.0, "SOC_init": 0.28589939554675126, "SOC_min": 0.0, "SOC_final": 0.4615810170693463, "id": "EV_13"}, {"charging_horizon": 10, "p_charge_max": 15000, "p_charge_min": 0, "p_discharge_max": 15000, "p_discharge_min": 0, "conversion_rate": 1, "capacity": 30000, "SOC_max": 1.0, "SOC_init": 0.3152068119761855, "SOC_min": 0.0, "SOC_final": 0.5066829593006226, "id": "EV_14"}, {"charging_horizon": 10, "p_charge_max": 15000, "p_charge_min": 0, "p_discharge_max": 15000, "p_discharge_min": 0, "conversion_rate": 1, "capacity": 30000, "SOC_max": 1.0, "SOC_init": 0.2905705672500798, "SOC_min": 0.0, "SOC_final": 0.5275364156219478, "id": "EV_15"}, {"charging_horizon": 10, "p_charge_max": 15000, "p_charge_min": 0, "p_discharge_max": 15000, "p_discharge_min": 0, "conversion_rate": 1, "capacity": 30000, "SOC_max": 1.0, "SOC_init": 0.3439198507261612, "SOC_min": 0.0, "SOC_final": 0.4805736800004087, "id": "EV_16"}, {"charging_horizon": 10, "p_charge_max": 15000, "p_charge_min": 0, "p_discharge_max": 15000, "p_discharge_min": 0, "conversion_rate": 1, "capacity": 30000, "SOC_max": 1.0, "SOC_init": 0.3128759093424802, "SOC_min": 0.0, "SOC_final": 0.5076838018050827, "id": "EV_17"}, {"charging_horizon": 10, "p_charge_max": 15000, "p_charge_min": 0, "p_discharge_max": 15000, "p_discharge_min": 0, "conversion_rate": 1, "capacity": 30000, "SOC_max": 1.0, "SOC_init": 0.32051817715120134, "SOC_min": 0.0, "SOC_final": 0.4965166907436771, "id": "EV_18"}, {"charging_horizon": 10, "p_charge_max": 15000, "p_charge_min": 0, "p_discharge_max": 15000, "p_discharge_min": 0, "conversion_rate": 1, "capacity": 30000, "SOC_max": 1.0, "SOC_init": 0.2902989022350317, "SOC_min": 0.0, "SOC_final": 0.48313129704856, "id": "EV_19"}, {"charging_horizon": 10, "p_charge_max": 15000, "p_charge_min": 0, "p_discharge_max": 15000, "p_discharge_min": 0, "conversion_rate": 1, "capacity": 30000, "SOC_max": 1.0, "SOC_init": 0.27602891300448124, "SOC_min": 0.0, "SOC_final": 0.45568329076314684, "id": "EV_20"}, {"charging_horizon": 10, "p_charge_max": 15000, "p_charge_min": 0, "p_discharge_max": 15000, "p_discharge_min": 0, "conversion_rate": 1, "capacity": 30000, "SOC_max": 1.0, "SOC_init": 0.2619508635758978, "SOC_min": 0.0, "SOC_final": 0.461704875763441, "id": "EV_21"}, {"charging_horizon": 10, "p_charge_max": 15000, "p_charge_min": 0, "p_discharge_max": 15000, "p_discharge_min": 0, "conversion_rate": 1, "capacity": 30000, "SOC_max": 1.0, "SOC_init": 0.2850265951963515, "SOC_min": 0.0, "SOC_final": 0.47599096225102905, "id": "EV_22"}, {"charging_horizon": 10, "p_charge_max": 15000, "p_charge_min": 0, "p_discharge_max": 15000, "p_discharge_min": 0, "conversion_rate": 1, "capacity": 30000, "SOC_max": 1.0, "SOC_init": 0.27325947162213327, "SOC_min": 0.0, "SOC_final": 0.5421354121765066, "id": "EV_23"}, {"charging_horizon": 10, "p_charge_max": 15000, "p_charge_min": 0,