{"optim_horizon": 4, "fcr_commit": 15, "time_mesh": 15, "announced_capacity": {"up": [70000.0, 70000.0, 70000.0, 70000.0, 70000.0, 70000.0, 70000.0, 70000.0, 70000.0, 70000.0, 70000.0, 70000.0, 70000.0, 70000.0, 70000.0, 70000.0, 70000.0, 70000.0, 70000.0, 70000.0, 70000.0, 70000.0, 70000.0, 70000.0, 70000.0, 70000.0, 70000.0, 70000.0, 70000.0, 70000.0, 70000.0, 70000.0, 70000.0, 70000.0, 70000.0, 70000.0, 70000.0, 70000.0, 70000.0, 70000.0, 70000.0, 70000.0, 70000.0, 70000.0, 70000.0, 70000.0, 70000.0, 70000.0, 70000.0, 70000.0, 70000.0, 70000.0, 70000.0, 70000.0, 70000.0, 70000.0, 70000.0, 70000.0, 70000.0, 70000.0, 70000.0, 70000.0, 70000.0, 70000.0, 70000.0, 70000.0, 70000.0, 70000.0, 70000.0, 70000.0, 70000.0, 70000.0, 70000.0, 70000.0, 70000.0, 70000.0, 70000.0, 70000.0, 70000.0, 70000.0, 70000.0, 70000.0, 70000.0, 70000.0, 70000.0, 70000.0, 70000.0, 70000.0, 70000.0, 70000.0, 70000.0, 70000.0, 70000.0, 70000.0, 70000.0, 70000.0], "down": [0.0, 0.0, 0.0, 0.0, 0.0, 0.0, 0.0, 0.0, 0.0, 0.0, 0.0, 0.0, 0.0, 0.0, 0.0, 0.0, 0.0, 0.0, 0.0, 0.0, 0.0, 0.0, 0.0, 0.0, 0.0, 0.0, 0.0, 0.0, 0.0, 0.0, 0.0, 0.0, 0.0, 0.0, 0.0, 0.0, 0.0, 0.0, 0.0, 0.0, 0.0, 0.0, 0.0, 0.0, 0.0, 0.0, 0.0, 0.0, 0.0, 0.0, 0.0, 0.0, 0.0, 0.0, 0.0, 0.0, 0.0, 0.0, 0.0, 0.0, 0.0, 0.0, 0.0, 0.0, 0.0, 0.0, 0.0, 0.0, 0.0, 0.0, 0.0, 0.0, 0.0, 0.0, 0.0, 0.0, 0.0, 0.0, 0.0, 0.0, 0.0, 0.0, 0.0, 0.0, 0.0, 0.0, 0.0, 0.0, 0.0, 0.0, 0.0, 0.0, 0.0, 0.0, 0.0, 0.0]}, "evses": [{"charging_horizon": 4, "p_charge_max": 15000, "p_charge_min": 1000, "p_discharge_max": 15000, "p_discharge_min": 1000, "conversion_rate": 1, "capacity": 30000, "SOC_max": 1.0, "SOC_init": 0.2552363598850944, "SOC_min": 0.0, "SOC_final": 0.4587186677522632, "id": "EV_0"}, {"charging_horizon": 4, "p_charge_max": 15000, "p_charge_min": 1000, "p_discharge_max": 15000, "p_discharge_min": 1000, "conversion_rate": 1, "capacity": 30000, "SOC_max": 1.0, "SOC_init": 0.29072417636703984, "SOC_min": 0.0, "SOC_final": 0.4607700234938439, "id": "EV_1"}, {"charging_horizon": 4, "p_charge_max": 15000, "p_charge_min": 1000, "p_discharge_max": 15000, "p_discharge_min": 1000, "conversion_rate": 1, "capacity": 30000, "SOC_max": 1.0, "SOC_init": 0.34011988779516944, "SOC_min": 0.0, "SOC_final": 0.45381536661023225, "id": "EV_2"}, {"charging_horizon": 4, "p_charge_max": 15000, "p_charge_min": 1000, "p_discharge_max": 15000, "p_discharge_min": 1000, "conversion_rate": 1, "capacity": 30000, "SOC_max": 1.0, "SOC_init": 0.3036202040033927, "SOC_min": 0.0, "SOC_final": 0.483219769850968, "id": "EV_3"}, {"charging_horizon": 4, "p_charge_max": 15000, "p_charge_min": 1000, "p_discharge_max": 15000, "p_discharge_min": 1000, "conversion_rate": 1, "capacity": 30000, "SOC_max": 1.0, "SOC_init": 0.33520866189293685, "SOC_min": 0.0, "SOC_final": 0.46596623967219697, "id": "EV_4"}, {"charging_horizon": 4, "p_charge_max": 15000, "p_charge_min": 1000, "p_discharge_max": 15000, "p_discharge_min": 1000, "conversion_rate": 1, "capacity": 30000, "SOC_max": 1.0, "SOC_init": 0.28372166571092755, "SOC_min": 0.0, "SOC_final": 0.4833796394628955, "id": "EV_5"}, {"charging_horizon": 4, "p_charge_max": 15000, "p_charge_min": 1000, "p_discharge_max": 15000, "p_discharge_min": 1000, "conversion_rate": 1, "capacity": 30000, "SOC_max": 1.0, "SOC_init": 0.2745163352517611, "SOC_min": 0.0, "SOC_final": 0.4501670553579223, "id": "EV_6"}, {"charging_horizon": 4, "p_charge_max": 15000, "p_charge_min": 1000, "p_discharge_max": 15000, "p_discharge_min": 1000, "conversion_rate": 1, "capacity": 30000, "SOC_max": 1.0, "SOC_init": 0.29362757934152184, "SOC_min": 0.0, "SOC_final": 0.45876134997504225, "id": "EV_7"}, {"charging_horizon": 4, "p_charge_max": 15000, "p_charge_min": 1000, "p_discharge_max": 15000, "p_discharge_min": 1000, "conversion_rate": 1, "capacity": 30000, "SOC_max": 1.0, "SOC_init": 0.309759946448799, "SOC_min": 0.0, "SOC_final": 0.4569876961459182, "id": "EV_8"}, {"charging_horizon": 4, "p_charge_max": 15000, "p_charge_min": 1000, "p_discharge_max": 15000, "p_discharge_min": 1000, "conversion_rate": 1, "capacity": 30000, "SOC_max": 1.0, "SOC_init": 0.2815458973735863, "SOC_min": 0.0, "SOC_final": 0.49483217083069436, "id": "EV_9"}], "cost_of_electricity": [0.1, 0.1, 0.1, 0.1, 0.1, 0.1, 0.1, 0.1, 0.1, 0.1, 0.1, 0.1, 0.1, 0.1, 0.1, 0.1, 0.1, 0.1, 0.1, 0.1, 0.1, 0.1, 0.1, 0.1, 0.1, 0.1, 0.1, 0.1, 0.1, 0.1, 0.1, 0.1, 0.1, 0.1, 0.1, 0.1, 0.1, 0.1, 0.1, 0.1, 0.1, 0.1, 0.1, 0.1, 0.1, 0.1, 0.1, 0.1, 0.1, 0.1, 0.1, 0.1, 0.1, 0.1, 0.1, 0.1, 0.1, 0.1, 0.1, 0.1, 0.1, 0.1, 0.1, 0.1, 0.1, 0.1, 0.1, 0.1, 0.1, 0.1, 0.1, 0.1, 0.1, 0.1, 0.1, 0.1, 0.1, 0.1, 0.1, 0.1, 0.1, 0.1, 0.1, 0.1, 0.1, 0.1, 0.1, 0.1, 0.1, 0.1, 0.1, 0.1, 0.1, 0.1, 0.1, 0.1], "penalties": {"fcr_up": 0.01, "fcr_down": 0, "SOC_fin": 10000}}