{"optim_horizon": 10, "fcr_commit": 15, "time_mesh": 15, "announced_capacity": {"up": [1200000, 1200000, 1200000, 1200000, 1200000, 1200000, 1200000, 1200000, 1200000, 1200000, 1200000, 1200000, 1200000, 1200000, 1200000, 1200000, 1200000, 1200000, 1200000, 1200000, 1200000, 1200000, 1200000, 1200000, 1200000, 1200000, 1200000, 1200000, 1200000, 1200000, 1200000, 1200000, 1200000, 1200000, 1200000, 1200000, 1200000, 1200000, 1200000, 1200000, 1200000, 1200000, 1200000, 1200000, 1200000, 1200000, 1200000, 1200000, 1200000, 1200000, 1200000, 1200000, 1200000, 1200000, 1200000, 1200000, 1200000, 1200000, 1200000, 1200000, 1200000, 1200000, 1200000, 1200000, 1200000, 1200000, 1200000, 1200000, 1200000, 1200000, 1200000, 1200000, 1200000, 1200000, 1200000, 1200000, 1200000, 1200000, 1200000, 1200000, 1200000, 1200000, 1200000, 1200000, 1200000, 1200000, 1200000, 1200000, 1200000, 1200000, 1200000, 1200000, 1200000, 1200000, 1200000, 1200000], "down": [0.0, 0.0, 0.0, 0.0, 0.0, 0.0, 0.0, 0.0, 0.0, 0.0, 0.0, 0.0, 0.0, 0.0, 0.0, 0.0, 0.0, 0.0, 0.0, 0.0, 0.0, 0.0, 0.0, 0.0, 0.0, 0.0, 0.0, 0.0, 0.0, 0.0, 0.0, 0.0, 0.0, 0.0, 0.0, 0.0, 0.0, 0.0, 0.0, 0.0, 0.0, 0.0, 0.0, 0.0, 0.0, 0.0, 0.0, 0.0, 0.0, 0.0, 0.0, 0.0, 0.0, 0.0, 0.0, 0.0, 0.0, 0.0, 0.0, 0.0, 0.0, 0.0, 0.0, 0.0, 0.0, 0.0, 0.0, 0.0, 0.0, 0.0, 0.0, 0.0, 0.0, 0.0, 0.0, 0.0, 0.0, 0.0, 0.0, 0.0, 0.0, 0.0, 0.0, 0.0, 0.0, 0.0, 0.0, 0.0, 0.0, 0.0, 0.0, 0.0, 0.0, 0.0, 0.0, 0.0]}, "evses": [{"charging_horizon": 10, "p_charge_max": 15000, "p_charge_min": 0, "p_discharge_max": 15000, "p_discharge_min": 0, "conversion_rate": 1, "capacity": 30000, "SOC_max": 1.0, "SOC_init": 0.30192045300855463, "SOC_min": 0.0, "SOC_final": 0.5443039326988985, "id": "EV_0"}, {"charging_horizon": 10, "p_charge_max": 15000, "p_charge_min": 0, "p_discharge_max": 15000, "p_discharge_min": 0, "conversion_rate": 1, "capacity": 30000, "SOC_max": 1.0, "SOC_init": 0.3417530771882028, "SOC_min": 0.0, "SOC_final": 0.5097985304837561, "id": "EV_1"}, {"charging_horizon": 10, "p_charge_max": 15000, "p_charge_min": 0, "p_discharge_max": 15000, "p_discharge_min": 0, "conversion_rate": 1, "capacity": 30000, "SOC_max": 1.0, "SOC_init": 0.26628125887928866, "SOC_min": 0.0, "SOC_final": 0.4687190280082098, "id": "EV_2"}, {"charging_horizon": 10, "p_charge_max": 15000, "p_charge_min": 0, "p_discharge_max": 15000, "p_discharge_min": 0, "conversion_rate": 1, "capacity": 30000, "SOC_max": 1.0, "SOC_init": 0.3311635218466019, "SOC_min": 0.0, "SOC_final": 0.48521407944602213, "id": "EV_3"}, {"charging_horizon": 10, "p_charge_max": 15000, "p_charge_min": 0, "p_discharge_max": 15000, "p_discharge_min": 0, "conversion_rate": 1, "capacity": 30000, "SOC_max": 1.0, "SOC_init": 0.29986988692291844, "SOC_min": 0.0, "SOC_final": 0.5019282911120863, "id": "EV_4"}, {"charging_horizon": 10, "p_charge_max": 15000, "p_charge_min": 0, "p_discharge_max": 15000, "p_discharge_min": 0, "conversion_rate": 1, "capacity": 30000, "SOC_max": 1.0, "SOC_init": 0.3233698997252797, "SOC_min": 0.0, "SOC_final": 0.5049181480544211, "id": "EV_5"}, {"charging_horizon": 10, "p_charge_max": 15000, "p_charge_min": 0, "p_discharge_max": 15000, "p_discharge_min": 0, "conversion_rate": 1, "capacity": 30000, "SOC_max": 1.0, "SOC_init": 0.28711708155464827, "SOC_min": 0.0, "SOC_final": 0.4649618708003662, "id": "EV_6"}, {"charging_horizon": 10, "p_charge_max": 15000, "p_charge_min": 0, "p_discharge_max": 15000, "p_discharge_min": 0, "conversion_rate": 1, "capacity": 30000, "SOC_max": 1.0, "SOC_init": 0.326364517551429, "SOC_min": 0.0, "SOC_final": 0.4937495186394987, "id": "EV_7"}, {"charging_horizon": 10, "p_charge_max": 15000, "p_charge_min": 0, "p_discharge_max": 15000, "p_discharge_min": 0, "conversion_rate": 1, "capacity": 30000, "SOC_max": 1.0, "SOC_init": 0.28056025859438327, "SOC_min": 0.0, "SOC_final": 0.4503339255856229, "id": "EV_8"}, {"charging_horizon": 10, "p_charge_max": 15000, "p_charge_min": 0, "p_discharge_max": 15000, "p_discharge_min": 0, "conversion_rate": 1, "capacity": 30000, "SOC_max": 1.0, "SOC_init": 0.3155698831585738, "SOC_min": 0.0, "SOC_final": 0.4863754200222285, "id": "EV_9"}, {"charging_horizon": 10, "p_charge_max": 15000, "p_charge_min": 0, "p_discharge_max": 15000, "p_discharge_min": 0, "conversion_rate": 1, "capacity": 30000, "SOC_max": 1.0, "SOC_init": 0.2780849935213074, "SOC_min": 0.0, "SOC_final": 0.5022602576839073, "id": "EV_10"}, {"charging_horizon": 10, "p_charge_max": 15000, "p_charge_min": 0, "p_discharge_max": 15000, "p_discharge_min": 0, "conversion_rate": 1, "capacity": 30000, "SOC_max": 1.0, "SOC_init": 0.29133119458559964, "SOC_min": 0.0, "SOC_final": 0.5148383630111842, "id": "EV_11"}, {"charging_horizon": 10, "p_charge_max": 15000, "p_charge_min": 0, "p_discharge_max": 15000, "p_discharge_min": 0, "conversion_rate": 1, "capacity": 30000, "SOC_max": 1.0, "SOC_init": 0.3452194722730512, "SOC_min": 0.0, "SOC_final": 0.5423982080056897, "id": "EV_12"}, {"charging_horizon": 10, "p_charge_max": 15000, "p_charge_min": 0, "p_discharge_max": 15000, "p_discharge_min": 0, "conversion_rate": 1, "capacity": 30000, "SOC_max": 1.0, "SOC_init": 0.25658716577798285, "SOC_min": 0.0, "SOC_final": 0.47175125517892613, "id": "EV_13"}, {"charging_horizon": 10, "p_charge_max": 15000, "p_charge_min": 0, "p_discharge_max": 15000, "p_discharge_min": 0, "conversion_rate": 1, "capacity": 30000, "SOC_max": 1.0, "SOC_init": 0.31793321529675583, "SOC_min": 0.0, "SOC_final": 0.5190311094087064, "id": "EV_14"}, {"charging_horizon": 10, "p_charge_max": 15000, "p_charge_min": 0, "p_discharge_max": 15000, "p_discharge_min": 0, "conversion_rate": 1, "capacity": 30000, "SOC_max": 1.0, "SOC_init": 0.3234493431699044, "SOC_min": 0.0, "SOC_final": 0.5411635921482295, "id": "EV_15"}, {"charging_horizon": 10, "p_charge_max": 15000, "p_charge_min": 0, "p_discharge_max": 15000, "p_discharge_min": 0, "conversion_rate": 1, "capacity": 30000, "SOC_max": 1.0, "SOC_init": 0.2909308422865393, "SOC_min": 0.0, "SOC_final": 0.5424912627108314, "id": "EV_16"}, {"charging_horizon": 10, "p_charge_max": 15000, "p_charge_min": 0, "p_discharge_max": 15000, "p_discharge_min": 0, "conversion_rate": 1, "capacity": 30000, "SOC_max": 1.0, "SOC_init": 0.2763734661663347, "SOC_min": 0.0, "SOC_final": 0.5330974817270265, "id": "EV_17"}, {"charging_horizon": 10, "p_charge_max": 15000, "p_charge_min": 0, "p_discharge_max": 15000, "p_discharge_min": 0, "conversion_rate": 1, "capacity": 30000, "SOC_max": 1.0, "SOC_init": 0.2538862837761439, "SOC_min": 0.0, "SOC_final": 0.5225309058893586, "id": "EV_18"}, {"charging_horizon": 10, "p_charge_max": 15000, "p_charge_min": 0, "p_discharge_max": 15000, "p_discharge_min": 0, "conversion_rate": 1, "capacity": 30000, "SOC_max": 1.0, "SOC_init": 0.2632734115077587, "SOC_min": 0.0, "SOC_final": 0.5042894087551936, "id": "EV_19"}, {"charging_horizon": 10, "p_charge_max": 15000, "p_charge_min": 0, "p_discharge_max": 15000, "p_discharge_min": 0, "conversion_rate": 1, "capacity": 30000, "SOC_max": 1.0, "SOC_init": 0.2578846399497308, "SOC_min": 0.0, "SOC_final": 0.5370609071000572, "id": "EV_20"}, {"charging_horizon": 10, "p_charge_max": 15000, "p_charge_min": 0, "p_discharge_max": 15000, "p_discharge_min": 0, "conversion_rate": 1, "capacity": 30000, "SOC_max": 1.0, "SOC_init": 0.30483403161560285, "SOC_min": 0.0, "SOC_final": 0.5441554521849213, "id": "EV_21"}, {"charging_horizon": 10, "p_charge_max": 15000, "p_charge_min": 0, "p_discharge_max": 15000, "p_discharge_min": 0, "conversion_rate": 1, "capacity": 30000, "SOC_max": 1.0, "SOC_init": 0.30145664394892047, "SOC_min": 0.0, "SOC_final": 0.5055609007463601, "id": "EV_22"}, {"charging_horizon": 10, "p_charge_max": 15000, "p_charge_min": 0, "p_discharge_max": 15000, "p_discharge_min": 0, "conversion_rate": 1, "capacity": 30000, "SOC_max": 1.0, "SOC_init": 0.31769422445947526, "SOC_min": 0.0, "SOC_final": 0.4634479255415162, "id": "EV_23"}, {"charging_horizon": 10, "p_charge_max": 15000, "p_charge_min": 0,