{"optim_horizon": 3, "fcr_commit": 15, "time_mesh": 15, "announced_capacity": {"up": [120000.0, 120000.0, 120000.0, 120000.0, 120000.0, 120000.0, 120000.0, 120000.0, 120000.0, 120000.0, 120000.0, 120000.0, 120000.0, 120000.0, 120000.0, 120000.0, 120000.0, 120000.0, 120000.0, 120000.0, 120000.0, 120000.0, 120000.0, 120000.0, 120000.0, 120000.0, 120000.0, 120000.0, 120000.0, 120000.0, 120000.0, 120000.0, 120000.0, 120000.0, 120000.0, 120000.0, 120000.0, 120000.0, 120000.0, 120000.0, 120000.0, 120000.0, 120000.0, 120000.0, 120000.0, 120000.0, 120000.0, 120000.0, 120000.0, 120000.0, 120000.0, 120000.0, 120000.0, 120000.0, 120000.0, 120000.0, 120000.0, 120000.0, 120000.0, 120000.0, 120000.0, 120000.0, 120000.0, 120000.0, 120000.0, 120000.0, 120000.0, 120000.0, 120000.0, 120000.0, 120000.0, 120000.0, 120000.0, 120000.0, 120000.0, 120000.0, 120000.0, 120000.0, 120000.0, 120000.0, 120000.0, 120000.0, 120000.0, 120000.0, 120000.0, 120000.0, 120000.0, 120000.0, 120000.0, 120000.0, 120000.0, 120000.0, 120000.0, 120000.0, 120000.0, 120000.0], "down": [0.0, 0.0, 0.0, 0.0, 0.0, 0.0, 0.0, 0.0, 0.0, 0.0, 0.0, 0.0, 0.0, 0.0, 0.0, 0.0, 0.0, 0.0, 0.0, 0.0, 0.0, 0.0, 0.0, 0.0, 0.0, 0.0, 0.0, 0.0, 0.0, 0.0, 0.0, 0.0, 0.0, 0.0, 0.0, 0.0, 0.0, 0.0, 0.0, 0.0, 0.0, 0.0, 0.0, 0.0, 0.0, 0.0, 0.0, 0.0, 0.0, 0.0, 0.0, 0.0, 0.0, 0.0, 0.0, 0.0, 0.0, 0.0, 0.0, 0.0, 0.0, 0.0, 0.0, 0.0, 0.0, 0.0, 0.0, 0.0, 0.0, 0.0, 0.0, 0.0, 0.0, 0.0, 0.0, 0.0, 0.0, 0.0, 0.0, 0.0, 0.0, 0.0, 0.0, 0.0, 0.0, 0.0, 0.0, 0.0, 0.0, 0.0, 0.0, 0.0, 0.0, 0.0, 0.0, 0.0]}, "evses": [{"charging_horizon": 3, "p_charge_max": 15000, "p_charge_min": 1000, "p_discharge_max": 15000, "p_discharge_min": 1000, "conversion_rate": 1, "capacity": 30000, "SOC_max": 1.0, "SOC_init": 0.31851546074564774, "SOC_min": 0.0, "SOC_final": 0.5253483264961697, "id": "EV_0"}, {"charging_horizon": 3, "p_charge_max": 15000, "p_charge_min": 1000, "p_discharge_max": 15000, "p_discharge_min": 1000, "conversion_rate": 1, "capacity": 30000, "SOC_max": 1.0, "SOC_init": 0.29324924419324583, "SOC_min": 0.0, "SOC_final": 0.4908452327593149, "id": "EV_1"}, {"charging_horizon": 3, "p_charge_max": 15000, "p_charge_min": 1000, "p_discharge_max": 15000, "p_discharge_min": 1000, "conversion_rate": 1, "capacity": 30000, "SOC_max": 1.0, "SOC_init": 0.31773255782122867, "SOC_min": 0.0, "SOC_final": 0.49432239299520125, "id": "EV_2"}, {"charging_horizon": 3, "p_charge_max": 15000, "p_charge_min": 1000, "p_discharge_max": 15000, "p_discharge_min": 1000, "conversion_rate": 1, "capacity": 30000, "SOC_max": 1.0, "SOC_init": 0.2918356864466215, "SOC_min": 0.0, "SOC_final": 0.4689917661827905, "id": "EV_3"}], "cost_of_electricity": [0.1, 0.1, 0.1, 0.1, 0.1, 0.1, 0.1, 0.1, 0.1, 0.1, 0.1, 0.1, 0.1, 0.1, 0.1, 0.1, 0.1, 0.1, 0.1, 0.1, 0.1, 0.1, 0.1, 0.1, 0.1, 0.1, 0.1, 0.1, 0.1, 0.1, 0.1, 0.1, 0.1, 0.1, 0.1, 0.1, 0.1, 0.1, 0.1, 0.1, 0.1, 0.1, 0.1, 0.1, 0.1, 0.1, 0.1, 0.1, 0.1, 0.1, 0.1, 0.1, 0.1, 0.1, 0.1, 0.1, 0.1, 0.1, 0.1, 0.1, 0.1, 0.1, 0.1, 0.1, 0.1, 0.1, 0.1, 0.1, 0.1, 0.1, 0.1, 0.1, 0.1, 0.1, 0.1, 0.1, 0.1, 0.1, 0.1, 0.1, 0.1, 0.1, 0.1, 0.1, 0.1, 0.1, 0.1, 0.1, 0.1, 0.1, 0.1, 0.1, 0.1, 0.1, 0.1, 0.1], "penalties": {"fcr_up": 0.01, "fcr_down": 0, "SOC_fin": 10000, "beta_min": 10000, "beta_max": 10000}}